<?xml version="1.0" encoding="UTF-8"?>
<bom xmlns="http://cyclonedx.org/schema/bom/1.5" version="1" serialNumber="urn:uuid:c489edf3-1567-3710-ba2a-80d032296112">
  <metadata>
    <tools>
      <tool>
        <vendor>OWASP Foundation</vendor>
        <name>CycloneDX Maven plugin</name>
        <version>2.7.10</version>
        <hashes>
          <hash alg="MD5">1cc7f6a0382f8bb2f758d6a6ea401d1b</hash>
          <hash alg="SHA-1">a4297947a1f2d7d453105db542651614bbd37f38</hash>
          <hash alg="SHA-256">bd0fdd8f2f2116eee5e715aeac1580f19eb7a10ec2b6f805b53567067658e872</hash>
          <hash alg="SHA-512">9cde8352a427e10b96cae01348fc7cfe5d4aa9cd0a5e5dd93b414ce3bb7d112993c3b3004e53af52567fbfa16de0704ec59a5556a635ad70571fd124ae389f39</hash>
          <hash alg="SHA-384">93d7bf5b5c735347edfbfbd66810273ca840f9a322b816d22d44c3d8e8255c09e86570bb23712aeb0cade0f478be5aeb</hash>
          <hash alg="SHA3-384">4467f16e9ca32190a6e49c65339eb28ee5e8c78f4e918fcf95128a4b7648898de56ccb43eacfad0c9391ef8cdb7d629a</hash>
          <hash alg="SHA3-256">ed2996c99b483e969221d5e9a40f562ea2ab85442d361d72a90e85266a3ed781</hash>
          <hash alg="SHA3-512">c8e6ea9ddc38edc77e284b3bf541663e84752bdc59ed1935799847a48a14ea2fa531b61008fefcba37d732a56702a11ac112437b9b80d18f4ecc8ef0ecfb32cf</hash>
        </hashes>
      </tool>
    </tools>
    <component type="library" bom-ref="pkg:maven/org.apache.logging.log4j/log4j-core@2.23.1?type=jar">
      <publisher>The Apache Software Foundation</publisher>
      <group>org.apache.logging.log4j</group>
      <name>log4j-core</name>
      <version>2.23.1</version>
      <description>The Apache Log4j Implementation</description>
      <licenses>
        <license>
          <id>Apache-2.0</id>
          <url>https://www.apache.org/licenses/LICENSE-2.0</url>
        </license>
      </licenses>
      <purl>pkg:maven/org.apache.logging.log4j/log4j-core@2.23.1?type=jar</purl>
      <externalReferences>
        <reference type="website">
          <url>https://logging.apache.org/log4j/2.x/</url>
        </reference>
        <reference type="build-system">
          <url>https://github.com/apache/logging-log4j2/actions</url>
        </reference>
        <reference type="distribution">
          <url>https://logging.apache.org/log4j/2.x/download.html</url>
        </reference>
        <reference type="issue-tracker">
          <url>https://github.com/apache/logging-log4j2/issues</url>
        </reference>
        <reference type="mailing-list">
          <url>https://lists.apache.org/list.html?log4j-user@logging.apache.org</url>
        </reference>
        <reference type="vcs">
          <url>https://github.com/apache/logging-log4j2</url>
        </reference>
        <reference type="vulnerability-assertion">
          <url>https://logging.apache.org/cyclonedx/vdr.xml</url>
        </reference>
      </externalReferences>
    </component>
    <properties>
      <property name="maven.goal">makeBom</property>
      <property name="maven.scopes">compile,provided,runtime,system</property>
      <property name="cdx:reproducible">enabled</property>
    </properties>
  </metadata>
  <components>
    <component type="library" bom-ref="pkg:maven/javax.activation/javax.activation-api@1.2.0?type=jar">
      <publisher>Oracle</publisher>
      <group>javax.activation</group>
      <name>javax.activation-api</name>
      <version>1.2.0</version>
      <description>JavaBeans Activation Framework API jar</description>
      <scope>optional</scope>
      <hashes>
        <hash alg="MD5">5e50e56bcf4a3ef3bc758f69f7643c3b</hash>
        <hash alg="SHA-1">85262acf3ca9816f9537ca47d5adeabaead7cb16</hash>
        <hash alg="SHA-256">43fdef0b5b6ceb31b0424b208b930c74ab58fac2ceeb7b3f6fd3aeb8b5ca4393</hash>
        <hash alg="SHA-512">8ee0db43ae402f0079a836ef2bff5d15160e3ff9d585c3283f4cf474be4edd2fcc8714d8f032efd72cae77ec5f6d304fc24fa094d9cdba5cf72966cc964af6c9</hash>
        <hash alg="SHA-384">d38a6af7ed00f13de8b46d49b9592af9b67adf3df47ddae5e4672f989f3f39101d446a77d1c11319acf8ff0a5b4feedf</hash>
        <hash alg="SHA3-384">cfee76de5976d5994758a06113368092f09b0729d753b99969d6a5ec32919428bd7c270c98cbbc682ff8ebcf2b93fd8d</hash>
        <hash alg="SHA3-256">aff48d0f28d8a99690c5a84c3fffdb3775452d5387e5698f4c9028c92a3b4888</hash>
        <hash alg="SHA3-512">0507ece74b3147de60a830071bd434569c82e03f414a2b7f0d8a225dda36720d2e2194799cdc04def1909fdec21059b67c518bb9162f7f605764d542194e721d</hash>
      </hashes>
      <licenses>
        <expression>(CDDL-1.0 OR GPL-2.0-with-classpath-exception)</expression>
      </licenses>
      <purl>pkg:maven/javax.activation/javax.activation-api@1.2.0?type=jar</purl>
      <externalReferences>
        <reference type="website">
          <url>http://java.net/all/javax.activation-api/</url>
        </reference>
        <reference type="distribution">
          <url>https://maven.java.net/service/local/staging/deploy/maven2/</url>
        </reference>
        <reference type="issue-tracker">
          <url>https://github.com/javaee/activation/issues</url>
        </reference>
        <reference type="vcs">
          <url>https://github.com/javaee/activation/javax.activation-api</url>
        </reference>
      </externalReferences>
    </component>
    <component type="library" bom-ref="pkg:maven/javax.jms/javax.jms-api@2.0.1?type=jar">
      <group>javax.jms</group>
      <name>javax.jms-api</name>
      <version>2.0.1</version>
      <description>Java.net - The Source for Java Technology Collaboration</description>
      <scope>optional</scope>
      <hashes>
        <hash alg="MD5">d69d2e02910e97b2478c0105e9b2caab</hash>
        <hash alg="SHA-1">5faaa3864ff6025ce69809b60d65bda3e358610c</hash>
        <hash alg="SHA-256">aa4a16fac46d949b17b32091036e4d1e3c812ef3b4bd184ec838efffb53ba4f8</hash>
        <hash alg="SHA-512">9bb8c8e65fad5d321dd2e2bdb12251664cbb4df2b73eea0baa5e3c20207fcc238e6d459b735e0cb5fab8a17d34417b4ab12c351e26cb6bb46646a471ae87341a</hash>
        <hash alg="SHA-384">c3a379410019cecef3590c76f6c1126018640b33da6dcd545c0689fee898448db3d0ebe8a42686b138476b698c6924de</hash>
        <hash alg="SHA3-384">a775e7eea27e579c1ded2f0fe526885ef7a568e638ba091399e5ada4b87568360d42371be1e7dcabd0347eafe485868f</hash>
        <hash alg="SHA3-256">8671d7fd145a89a8856ccb9d4526da5284c04d8ba6e237f71b6d77d25232001e</hash>
        <hash alg="SHA3-512">8c365448286d0ca59d33694e3fcef5fd7cf0c7ae443aadf28d2d3ffea5764dc44f37e2c035ee3ce18a8014ab4c9f805d7f3eb5e4cd490dffab76163be564525c</hash>
      </hashes>
      <licenses>
        <expression>(CDDL-1.0 OR GPL-2.0-with-classpath-exception)</expression>
      </licenses>
      <purl>pkg:maven/javax.jms/javax.jms-api@2.0.1?type=jar</purl>
      <externalReferences>
        <reference type="website">
          <url>http://java.net/projects/jms-spec/pages/Home</url>
        </reference>
        <reference type="distribution">
          <url>https://maven.java.net/service/local/staging/deploy/maven2/</url>
        </reference>
        <reference type="issue-tracker">
          <url>http://java.net/jira/browse/JMS_SPEC</url>
        </reference>
        <reference type="vcs">
          <url>https://github.com/sonatype/jvnet-parent/javax.jms-api</url>
        </reference>
      </externalReferences>
    </component>
    <component type="library" bom-ref="pkg:maven/javax.mail/javax.mail-api@1.6.2?type=jar">
      <publisher>Oracle</publisher>
      <group>javax.mail</group>
      <name>javax.mail-api</name>
      <version>1.6.2</version>
      <description>JavaMail API jar</description>
      <scope>optional</scope>
      <hashes>
        <hash alg="MD5">c1df29c4b85433bd2f378b06c323c2d3</hash>
        <hash alg="SHA-1">17a8151bab44f9c94f34c10db70d95ba3c830eda</hash>
        <hash alg="SHA-256">17489addfc8d7b43afc7775072a56bbaadf32cfb1e9d39fb4b7ece890d6698f1</hash>
        <hash alg="SHA-512">caffe967707da5931160c21f01b4168fb469b75845b1e569cb315715c83b39a86da382e8e8d9d93eea203f25174f48c15a5f50b99f9f8284a304b1140ad59f4c</hash>
        <hash alg="SHA-384">bfa8e11f7766024d33e9c22d1ecc568825c903d43412daf57855be680b56b4a4a9c101502d7cd8c29a498d8e2ec64c57</hash>
        <hash alg="SHA3-384">95987eadb5fc346012c3435ee444f5c065bc181c9e6cffce5dd6922f2bbb2ca8eac1991f8471636206fb96930062e36d</hash>
        <hash alg="SHA3-256">e553ef75315c99ef1586002b2fb36f36cbd68b2b582e72d0065436ce00756250</hash>
        <hash alg="SHA3-512">8be296ae854f73d3492d0bcdacb6d90e170e50b5e11e07b0e920764f1ba1543515cfd0e474de2bd16d52b215d40035b75571b02ec309c8e01d4eee9599a842ce</hash>
      </hashes>
      <licenses>
        <expression>(CDDL-1.0 OR GPL-2.0-with-classpath-exception)</expression>
      </licenses>
      <purl>pkg:maven/javax.mail/javax.mail-api@1.6.2?type=jar</purl>
      <externalReferences>
        <reference type="website">
          <url>http://javaee.github.io/javamail/javax.mail-api</url>
        </reference>
        <reference type="distribution">
          <url>https://maven.java.net/service/local/staging/deploy/maven2/</url>
        </reference>
        <reference type="issue-tracker">
          <url>https://github.com/javaee/javamail/issues</url>
        </reference>
        <reference type="vcs">
          <url>https://github.com/javaee/javamail/javax.mail-api</url>
        </reference>
      </externalReferences>
    </component>
    <component type="library" bom-ref="pkg:maven/org.osgi/org.osgi.core@6.0.0?type=jar">
      <publisher>OSGi Alliance</publisher>
      <group>org.osgi</group>
      <name>org.osgi.core</name>
      <version>6.0.0</version>
      <description>OSGi Core Release 6, Interfaces and Classes for use in compiling bundles.</description>
      <scope>required</scope>
      <hashes>
        <hash alg="MD5">cae291c61fe8b7a4476d713550c7ff49</hash>
        <hash alg="SHA-1">0c49acdc9ac62cf69ee49cb6f1905b4fdb79ea5c</hash>
        <hash alg="SHA-256">1c1bb435eb34cbf1f743653da38f604d45d53fbc95979053768cd3fc293cb931</hash>
        <hash alg="SHA-512">a6d5388804982ab2cb0ba82b4291e73f006577c54e5dcb0675a2c4922594ddb0265810a4e7c748c88eba76ee350340376b7a9bd25d2de3afb954cf89117cd470</hash>
        <hash alg="SHA-384">8daff91fc229b2874c1ff7a214fdee65b1824fbac76eb7feec609c5b70ab2fd24fc5cf017b339788a5c7aec041ec1a1c</hash>
        <hash alg="SHA3-384">b921d8bea5dab6e7d827ce49a43e6edb4a15c1402e1d70498faf867bd7e9ea61f47b9cbdbf008ed517b71499c02b9e4c</hash>
        <hash alg="SHA3-256">5836efac64dd3757498bc6648cf02e46f136c6b0b39d5f1641218459d6b68ca0</hash>
        <hash alg="SHA3-512">9056edfc04943cdc81041db1851cade670415457221617babeb3d3c5136c3dcc303862e55b545f40584477e0654d11d84db6ede072015b08744241202d79ee63</hash>
      </hashes>
      <licenses>
        <license>
          <id>Apache-2.0</id>
        </license>
      </licenses>
      <purl>pkg:maven/org.osgi/org.osgi.core@6.0.0?type=jar</purl>
      <externalReferences>
        <reference type="website">
          <url>http://www.osgi.org</url>
        </reference>
        <reference type="vcs">
          <url>private</url>
        </reference>
      </externalReferences>
    </component>
    <component type="library" bom-ref="pkg:maven/org.apache.logging.log4j/log4j-api@2.23.1?type=jar">
      <publisher>The Apache Software Foundation</publisher>
      <group>org.apache.logging.log4j</group>
      <name>log4j-api</name>
      <version>2.23.1</version>
      <description>The Apache Log4j API</description>
      <scope>required</scope>
      <hashes>
        <hash alg="MD5">bee2e2dcbeeb983bdb6b71c9c3476b6a</hash>
        <hash alg="SHA-1">9c15c29c526d9c6783049c0a77722693c66706e1</hash>
        <hash alg="SHA-256">92ec1fd36ab3bc09de6198d2d7c0914685c0f7127ea931acc32fd2ecdd82ea89</hash>
        <hash alg="SHA-512">2a296246b0059ff5fe5c26e2ba3f48aa99e38d7658d613fbd02f32c6d4262f93a67525e6cc4d767fa5c2ab0e39e70bb3c0d3966d38ea4f01608588c084af3162</hash>
        <hash alg="SHA-384">3937cb646009763a94b199a0d6c0065441b9914e2b25e3d58db523874ea760276b445ff300015948d3a813217e0ee404</hash>
        <hash alg="SHA3-384">16ea3301ca37fbede2927399209b403066621789c4f1bee531b5153f27b652458900697fb828170d541a5f3b82e77fb7</hash>
        <hash alg="SHA3-256">0a3dfffc0f362b0a86ad0cd8b36da313c7500a8bdecb0ad7e628c2637d933548</hash>
        <hash alg="SHA3-512">2e230994b8cb7442a2073d60f89c27703ffc78b613dec7891bbfa42e91c95ed684b387ed65df3ee48559ccc06e6877462748f7e2ef985082c8db0741feb576a8</hash>
      </hashes>
      <licenses>
        <license>
          <id>Apache-2.0</id>
          <url>https://www.apache.org/licenses/LICENSE-2.0</url>
        </license>
      </licenses>
      <purl>pkg:maven/org.apache.logging.log4j/log4j-api@2.23.1?type=jar</purl>
      <externalReferences>
        <reference type="website">
          <url>https://logging.apache.org/log4j/2.x/log4j/log4j-api/</url>
        </reference>
        <reference type="build-system">
          <url>https://github.com/apache/logging-log4j2/actions</url>
        </reference>
        <reference type="distribution">
          <url>https://logging.apache.org/logging-parent/latest/#distribution</url>
        </reference>
        <reference type="issue-tracker">
          <url>https://github.com/apache/logging-log4j2/issues</url>
        </reference>
        <reference type="mailing-list">
          <url>https://lists.apache.org/list.html?log4j-user@logging.apache.org</url>
        </reference>
        <reference type="vcs">
          <url>https://github.com/apache/logging-log4j2</url>
        </reference>
        <reference type="vulnerability-assertion">
          <url>https://logging.apache.org/cyclonedx/vdr.xml</url>
        </reference>
      </externalReferences>
    </component>
    <component type="library" bom-ref="pkg:maven/org.apache.commons/commons-compress@1.26.0?type=jar">
      <publisher>The Apache Software Foundation</publisher>
      <group>org.apache.commons</group>
      <name>commons-compress</name>
      <version>1.26.0</version>
      <description>Apache Commons Compress defines an API for working with
compression and archive formats. These include bzip2, gzip, pack200,
LZMA, XZ, Snappy, traditional Unix Compress, DEFLATE, DEFLATE64, LZ4,
Brotli, Zstandard and ar, cpio, jar, tar, zip, dump, 7z, arj.</description>
      <scope>optional</scope>
      <hashes>
        <hash alg="MD5">cbc0bb8eca12b747ca21bf998d736e60</hash>
        <hash alg="SHA-1">659feffdd12280201c8aacb8f7be94f9a883c824</hash>
        <hash alg="SHA-256">051aceb8bbcc62d0f5b2b8ac72c53767f9c59bfbd050151e65bef6f51c8ed9c9</hash>
        <hash alg="SHA-512">acbeaa2909b809cd561e7156df18340d96abacb179325622d73bdd6b82cb9b387d6fcb1a44d8195aad4e786da299289e17598a1d337b7c7d1c0bc610cc128714</hash>
        <hash alg="SHA-384">052d4d0cd1929c4299dd9d37dd36eaea6ed2be6b04d6d83a94f8608a6d1138aa81f7a34f25113ac267e7ba25ce948c9a</hash>
        <hash alg="SHA3-384">8b0bf441e8ce793fb6513bc07551cc48ab4507696c18e6037b0fcf35bc4e1eb3e44ed962e2d3765c86d4d912770aa53e</hash>
        <hash alg="SHA3-256">e441768e06092053f4703844ec0c8f2b437e06e7c190d48fec9d7682beb94c40</hash>
        <hash alg="SHA3-512">5984f9f08f83789555677f6800f25fa8e80a9eb2e4d46b5fb117b8efc24753644fa103a2f6b619827661a41677991bc827965172ef25f1313d8a59154e615e8d</hash>
      </hashes>
      <licenses>
        <license>
          <id>Apache-2.0</id>
          <url>https://www.apache.org/licenses/LICENSE-2.0</url>
        </license>
      </licenses>
      <purl>pkg:maven/org.apache.commons/commons-compress@1.26.0?type=jar</purl>
      <externalReferences>
        <reference type="website">
          <url>https://commons.apache.org/proper/commons-compress/</url>
        </reference>
        <reference type="build-system">
          <url>https://github.com/apache/commons-parent/actions</url>
        </reference>
        <reference type="distribution">
          <url>https://repository.apache.org/service/local/staging/deploy/maven2</url>
        </reference>
        <reference type="issue-tracker">
          <url>https://issues.apache.org/jira/browse/COMPRESS</url>
        </reference>
        <reference type="mailing-list">
          <url>https://mail-archives.apache.org/mod_mbox/commons-user/</url>
        </reference>
        <reference type="vcs">
          <url>https://gitbox.apache.org/repos/asf?p=commons-compress.git</url>
        </reference>
      </externalReferences>
    </component>
    <component type="library" bom-ref="pkg:maven/commons-io/commons-io@2.15.1?type=jar">
      <publisher>The Apache Software Foundation</publisher>
      <group>commons-io</group>
      <name>commons-io</name>
      <version>2.15.1</version>
      <description>The Apache Commons IO library contains utility classes, stream implementations, file filters,
file comparators, endian transformation classes, and much more.</description>
      <scope>optional</scope>
      <hashes>
        <hash alg="MD5">84351f7991a0e6722f00e96a4ccc376f</hash>
        <hash alg="SHA-1">f11560da189ab563a5c8e351941415430e9304ea</hash>
        <hash alg="SHA-256">a58af12ee1b68cfd2ebb0c27caef164f084381a00ec81a48cc275fd7ea54e154</hash>
        <hash alg="SHA-512">e9adaeed2d715ac0ae44de056ba165a743a92acbeb9871b535f7e58e0b3bc4fba276495b50429be195098a559f3adb7294048479754a0ee4d397da2efda5f81c</hash>
        <hash alg="SHA-384">028c72b59373d3894da22f9eb2c731aabd00f670993973f71a354d722670c12ca659686b83bbf8db32d060ca180f50b2</hash>
        <hash alg="SHA3-384">73cd585ab3736b4be50ec0f10dfe5ebfc3390eea8d56f07f29055f1fddb2dff8084310eaa6fb9f97ea639ed1abd7bc33</hash>
        <hash alg="SHA3-256">daf39bc99f1a3dc0075714a4a342a58d69a4cd62c25bc39a581f657ca72b1044</hash>
        <hash alg="SHA3-512">b003f8971d1536ea0fc4320dbfe17d7259d49e59314739f9fc83134e511facbff048b0ef4f86a9d0893781ca09c95cebc3b181a6c89a2d41e851870b96e76839</hash>
      </hashes>
      <licenses>
        <license>
          <id>Apache-2.0</id>
          <url>https://www.apache.org/licenses/LICENSE-2.0</url>
        </license>
      </licenses>
      <purl>pkg:maven/commons-io/commons-io@2.15.1?type=jar</purl>
      <externalReferences>
        <reference type="website">
          <url>https://commons.apache.org/proper/commons-io/</url>
        </reference>
        <reference type="build-system">
          <url>https://github.com/apache/commons-parent/actions</url>
        </reference>
        <reference type="distribution">
          <url>https://repository.apache.org/service/local/staging/deploy/maven2</url>
        </reference>
        <reference type="issue-tracker">
          <url>https://issues.apache.org/jira/browse/IO</url>
        </reference>
        <reference type="mailing-list">
          <url>https://mail-archives.apache.org/mod_mbox/commons-user/</url>
        </reference>
        <reference type="vcs">
          <url>https://gitbox.apache.org/repos/asf?p=commons-io.git</url>
        </reference>
      </externalReferences>
    </component>
    <component type="library" bom-ref="pkg:maven/org.apache.commons/commons-lang3@3.14.0?type=jar">
      <publisher>The Apache Software Foundation</publisher>
      <group>org.apache.commons</group>
      <name>commons-lang3</name>
      <version>3.14.0</version>
      <description>Apache Commons Lang, a package of Java utility classes for the
  classes that are in java.lang's hierarchy, or are considered to be so
  standard as to justify existence in java.lang.</description>
      <scope>optional</scope>
      <hashes>
        <hash alg="MD5">4e5c3f5e6b0b965ef241d7d72ac8971f</hash>
        <hash alg="SHA-1">1ed471194b02f2c6cb734a0cd6f6f107c673afae</hash>
        <hash alg="SHA-256">7b96bf3ee68949abb5bc465559ac270e0551596fa34523fddf890ec418dde13c</hash>
        <hash alg="SHA-512">0338b50767166e5746ada6d6aa2e071e7221d699323bfb629f7f204b294c1dc4cad140610a129ed751798443b43e74e0818989c7df7d33c5915aa29742be9ba8</hash>
        <hash alg="SHA-384">908d0a22dc17aaa04caa5104cff7cad5b88b77eecb78dd5b3b3fefa22ff71ac50a4fb9e31c897ac243f9d841e4b3453d</hash>
        <hash alg="SHA3-384">8a7f2e061b998780870eddd571620fbf3d3c70bcb54e24539d0db504f59d65bc6bda58136284498babe29fcc5eabb7a6</hash>
        <hash alg="SHA3-256">022bf1f8039fcea717e9e34dd96eb80cfff05b43c9cbb76e9739b2421e2d027c</hash>
        <hash alg="SHA3-512">0bcbc4edce974ea970c46e2da12ec98d9fd962c2cf64f757ac97136dec5623ca52af0c225895303c17ffabb57090e6772d7bd326d5e7438cef5454f8bbaeecfa</hash>
      </hashes>
      <licenses>
        <license>
          <id>Apache-2.0</id>
          <url>https://www.apache.org/licenses/LICENSE-2.0</url>
        </license>
      </licenses>
      <purl>pkg:maven/org.apache.commons/commons-lang3@3.14.0?type=jar</purl>
      <externalReferences>
        <reference type="website">
          <url>https://commons.apache.org/proper/commons-lang/</url>
        </reference>
        <reference type="build-system">
          <url>https://github.com/apache/commons-parent/actions</url>
        </reference>
        <reference type="distribution">
          <url>https://repository.apache.org/service/local/staging/deploy/maven2</url>
        </reference>
        <reference type="issue-tracker">
          <url>https://issues.apache.org/jira/browse/LANG</url>
        </reference>
        <reference type="mailing-list">
          <url>https://mail-archives.apache.org/mod_mbox/commons-user/</url>
        </reference>
        <reference type="vcs">
          <url>https://gitbox.apache.org/repos/asf?p=commons-lang.git</url>
        </reference>
      </externalReferences>
    </component>
    <component type="library" bom-ref="pkg:maven/org.apache.commons/commons-csv@1.10.0?type=jar">
      <publisher>The Apache Software Foundation</publisher>
      <group>org.apache.commons</group>
      <name>commons-csv</name>
      <version>1.10.0</version>
      <description>The Apache Commons CSV library provides a simple interface for reading and writing CSV files of various types.</description>
      <scope>optional</scope>
      <hashes>
        <hash alg="MD5">9b3be74e726a151524bf31ec293ff285</hash>
        <hash alg="SHA-1">8669bee353424c3223c93723291b5c3753260c1c</hash>
        <hash alg="SHA-256">2d06e6a07a636baf777ad8e659256f2119109dde23551c9b80c5422d424b808c</hash>
        <hash alg="SHA-512">4434edc3256ce9a004f9860738fe7fc7b96e964f131aa953b598084bfd60e510796164a27c94b4c0b03041d05261c013e0db664ffd2bdd1cf032011722bc7ac0</hash>
        <hash alg="SHA-384">c50578f3e9a7f6bd7e2badef7e0758eba308f77c0eef17a1d2d7d7620f0a7f5bf414f8847b3a401484466a54c8115370</hash>
        <hash alg="SHA3-384">d13077b7b86c9a8ced54228615f86b7785d84634e5cf757792259b4f110aaa6d1980938ba1c1a65377bdf62c24067e96</hash>
        <hash alg="SHA3-256">eea22e71edfed1e0245104b27fe54fc903362ddad35594bdb3012dc01a0adc63</hash>
        <hash alg="SHA3-512">db8b13b74e78808ea7819bee82851836ac47abaea7eceb6cda06a5506aba7277f3e93fbee4d0a19ef7d77870e8f13c2970a8cdd517487d4a68cfbd138839908c</hash>
      </hashes>
      <licenses>
        <license>
          <id>Apache-2.0</id>
          <url>https://www.apache.org/licenses/LICENSE-2.0</url>
        </license>
      </licenses>
      <purl>pkg:maven/org.apache.commons/commons-csv@1.10.0?type=jar</purl>
      <externalReferences>
        <reference type="website">
          <url>https://commons.apache.org/proper/commons-csv/</url>
        </reference>
        <reference type="build-system">
          <url>https://github.com/apache/commons-csv/actions</url>
        </reference>
        <reference type="distribution">
          <url>https://repository.apache.org/service/local/staging/deploy/maven2</url>
        </reference>
        <reference type="issue-tracker">
          <url>https://issues.apache.org/jira/browse/CSV</url>
        </reference>
        <reference type="mailing-list">
          <url>https://mail-archives.apache.org/mod_mbox/commons-user/</url>
        </reference>
        <reference type="vcs">
          <url>https://gitbox.apache.org/repos/asf?p=commons-csv.git</url>
        </reference>
      </externalReferences>
    </component>
    <component type="library" bom-ref="pkg:maven/com.conversantmedia/disruptor@1.2.15?type=jar">
      <publisher>Conversant Engineering</publisher>
      <group>com.conversantmedia</group>
      <name>disruptor</name>
      <version>1.2.15</version>
      <description>Conversant Disruptor - very high throughput Java BlockingQueue</description>
      <scope>optional</scope>
      <hashes>
        <hash alg="MD5">9b66d90caa2794c624e4cc0cd6c0468b</hash>
        <hash alg="SHA-1">21924297eb54dfd8a390c3e08cc9e7a457dff358</hash>
        <hash alg="SHA-256">bd3154a3fb41594b02950ad52bcd9b775a45577bd4d6ef1bee66ea6885c9f39e</hash>
        <hash alg="SHA-512">206e3c7cf2f806c167ab724b1864116ddca4517fe07e9f0178a489b8f2d2aacc41edc3794e5c2ab463e6a0eb6f9596078a074339564c3a4ba287088d296fd66f</hash>
        <hash alg="SHA-384">3e697a80c25ad6ceae364b799da3a49cce9eadb6786ce152c4ddc6bfcfcc56c743848f75334b5f50916a9853a70a8747</hash>
        <hash alg="SHA3-384">4176f4bbf9eb851292879b32f7a1a51fc370118d81cf1faccd332e8a76e8de5ef22e842f99437abc90a157ec02c79448</hash>
        <hash alg="SHA3-256">683b287cf71512c38e88d1de6a0e584bfb4ca2d881766fe3ede184e4911345ed</hash>
        <hash alg="SHA3-512">df1ac3ea6ac7cf5d052d67367c0782aa9f3bbc9598fb12c18928430d90346dc34770846743171d9e33c85f75799747fa35b143611bac465c3983da65862e217a</hash>
      </hashes>
      <licenses>
        <license>
          <id>Apache-2.0</id>
        </license>
      </licenses>
      <purl>pkg:maven/com.conversantmedia/disruptor@1.2.15?type=jar</purl>
      <externalReferences>
        <reference type="website">
          <url>https://github.com/conversant/disruptor</url>
        </reference>
        <reference type="distribution">
          <url>https://oss.sonatype.org/service/local/staging/deploy/maven2/</url>
        </reference>
        <reference type="issue-tracker">
          <url>https://github.com/conversant/disruptor/issues</url>
        </reference>
        <reference type="vcs">
          <url>https://github.com/conversant/disruptor</url>
        </reference>
      </externalReferences>
    </component>
    <component type="library" bom-ref="pkg:maven/com.lmax/disruptor@3.4.4?type=jar">
      <group>com.lmax</group>
      <name>disruptor</name>
      <version>3.4.4</version>
      <description>Disruptor - Concurrent Programming Framework</description>
      <scope>optional</scope>
      <hashes>
        <hash alg="MD5">01412d77b7144f6e58a4eab735751758</hash>
        <hash alg="SHA-1">588321627643b6de45db44c6575e750fea3ae3f5</hash>
        <hash alg="SHA-256">1524ed31f13bcabee1b6146e67be30c6317cb94fcd0c7c2f7c7a1f3e82087c51</hash>
        <hash alg="SHA-512">2d236933bfeee4834908dc76e243ff87f3cf2a9bb77c492f44e3a5b7b3037adb92570aa786e14119fea7eb024e893f1f1956058a6803893449f04b6c930c1da9</hash>
        <hash alg="SHA-384">3ccdb48f6f30c63d7599d342bfd2442f889bb59e0771929b0745ff3a1e0769ca24b82912b750a89d419cd893ebc4c54d</hash>
        <hash alg="SHA3-384">bda978349ca393ab3a06060f8380d1dad366569f088f3b9919d8f39ebb9e70726e33934b9063cb180e6c482ab89194b9</hash>
        <hash alg="SHA3-256">0c8735644e9f5720a89bd63310faedb4712ab4d38a5b36d246f984b8eaa0c6f7</hash>
        <hash alg="SHA3-512">c70d5a525e2b222555e86a87f8d3bae543b23ba33435c669fdc135c5ab80f7015b168bb22e0ec074a69ccc7811c3263d358051a6e56f3570a9232dc873581ddd</hash>
      </hashes>
      <licenses>
        <license>
          <id>Apache-2.0</id>
        </license>
      </licenses>
      <purl>pkg:maven/com.lmax/disruptor@3.4.4?type=jar</purl>
      <externalReferences>
        <reference type="website">
          <url>http://lmax-exchange.github.com/disruptor</url>
        </reference>
        <reference type="vcs">
          <url>scm:git@github.com:LMAX-Exchange/disruptor.git</url>
        </reference>
      </externalReferences>
    </component>
    <component type="library" bom-ref="pkg:maven/com.fasterxml.jackson.core/jackson-core@2.16.1?type=jar">
      <publisher>FasterXML</publisher>
      <group>com.fasterxml.jackson.core</group>
      <name>jackson-core</name>
      <version>2.16.1</version>
      <description>Core Jackson processing abstractions (aka Streaming API), implementation for JSON</description>
      <scope>optional</scope>
      <hashes>
        <hash alg="MD5">0f51c6a7d713aed6e044cf1692bb59f4</hash>
        <hash alg="SHA-1">9456bb3cdd0f79f91a5f730a1b1bb041a380c91f</hash>
        <hash alg="SHA-256">f5f8ef90609e64fec82eb908e497dc7d81b2eb983fe509b870292a193cde4dfb</hash>
        <hash alg="SHA-512">1f1551b0512a0ac3fc883db62472901c91051586616804daec24268ceaed409faaa1f1695df2f6220fa389aeb54802eb51dec439322bc7383507b45c08cbe17b</hash>
        <hash alg="SHA-384">24b8435650ceba20008563d8bb9db4a8aca74d7ffa33e95efc6ac576d71f39d5ab228c133b413c6c852c34d905a249cf</hash>
        <hash alg="SHA3-384">f15db08b5d9ff6b475507afeb587a30bf6fe050d216cadf1bcd9fccaac0a59fd6bb1e8533ee8a48bb6075801b6f617ce</hash>
        <hash alg="SHA3-256">5fc0bd6adc8b1f3e96b835acc703cb1a4a977deb1f44d0b9314ea25b83c2f36f</hash>
        <hash alg="SHA3-512">7273a7e983ef1e9c7195aa36dba2d0b7b35600f844f61a54c1a80e4590c987257411f8e17a2fb9252849fd8c5ab9fb40f14ae288159a0e98c337020fb8679a1d</hash>
      </hashes>
      <licenses>
        <license>
          <id>Apache-2.0</id>
        </license>
      </licenses>
      <purl>pkg:maven/com.fasterxml.jackson.core/jackson-core@2.16.1?type=jar</purl>
      <externalReferences>
        <reference type="website">
          <url>https://github.com/FasterXML/jackson-core</url>
        </reference>
        <reference type="distribution">
          <url>https://oss.sonatype.org/service/local/staging/deploy/maven2/</url>
        </reference>
        <reference type="issue-tracker">
          <url>https://github.com/FasterXML/jackson-core/issues</url>
        </reference>
        <reference type="vcs">
          <url>https://github.com/FasterXML/jackson-core</url>
        </reference>
      </externalReferences>
    </component>
    <component type="library" bom-ref="pkg:maven/com.fasterxml.jackson.core/jackson-databind@2.16.1?type=jar">
      <publisher>FasterXML</publisher>
      <group>com.fasterxml.jackson.core</group>
      <name>jackson-databind</name>
      <version>2.16.1</version>
      <description>General data-binding functionality for Jackson: works on core streaming API</description>
      <scope>optional</scope>
      <hashes>
        <hash alg="MD5">ac71b868569d329136f2c63f34dd2c89</hash>
        <hash alg="SHA-1">02a16efeb840c45af1e2f31753dfe76795278b73</hash>
        <hash alg="SHA-256">baf8a8ebee8f45ef68cdd5e2dd3923b3e296c0937b96ec0b4806aa3a31bccd1d</hash>
        <hash alg="SHA-512">e826126759ef714b35c546a524d0fc82e8ae38ad19d0502a58d360926aef3d13492092372302fcea19e78b24432838a40023ebf5dfae4e8c566478c4833ea998</hash>
        <hash alg="SHA-384">6e46bf61e034085444b1a708fbb6926ddd46ccaa75c20c9765c1a98c266449169d7a28e6197224f46cc4c15201187ab6</hash>
        <hash alg="SHA3-384">649d02e2265bc92d75876b31006f1cb2fe33788da8edb06ebc5b798e964ba7a8d6b96d21053b01e5fe3cf27a63a8b66c</hash>
        <hash alg="SHA3-256">d58b494fb40bb93c799c315293daf81fb6d0bf418d38b912aab1c37b4de1db77</hash>
        <hash alg="SHA3-512">c3950b04417dee7450b36f3428005a2f118c8ce0388f2c2470f5543cac3106215b6b591848775176892951f2ea7a608c7d02280067d5cfae1634e0f3e306e628</hash>
      </hashes>
      <licenses>
        <license>
          <id>Apache-2.0</id>
        </license>
      </licenses>
      <purl>pkg:maven/com.fasterxml.jackson.core/jackson-databind@2.16.1?type=jar</purl>
      <externalReferences>
        <reference type="website">
          <url>https://github.com/FasterXML/jackson</url>
        </reference>
        <reference type="distribution">
          <url>https://oss.sonatype.org/service/local/staging/deploy/maven2/</url>
        </reference>
        <reference type="issue-tracker">
          <url>https://github.com/FasterXML/jackson-databind/issues</url>
        </reference>
        <reference type="vcs">
          <url>https://github.com/FasterXML/jackson-databind</url>
        </reference>
      </externalReferences>
    </component>
    <component type="library" bom-ref="pkg:maven/com.fasterxml.jackson.core/jackson-annotations@2.16.1?type=jar">
      <publisher>FasterXML</publisher>
      <group>com.fasterxml.jackson.core</group>
      <name>jackson-annotations</name>
      <version>2.16.1</version>
      <description>Core annotations used for value types, used by Jackson data binding package.</description>
      <scope>optional</scope>
      <hashes>
        <hash alg="MD5">1c1e081b6b61ee1f1cb0ef52eef45d61</hash>
        <hash alg="SHA-1">fd441d574a71e7d10a4f73de6609f881d8cdfeec</hash>
        <hash alg="SHA-256">a4730771e6a495dd3793a42cdb8ce6bddb96c77e15f40c98fd8d9a7ae09e7286</hash>
        <hash alg="SHA-512">2e268340c11ff606df14cc963e5a4c97b22c69dbe09b9ee96873b6553aa97ba703f94dd85cc05704a35c4ae1651fc37d23d87e94bbad39f2a3a63fc2b3f754b1</hash>
        <hash alg="SHA-384">27d294ee2a7519f851bd9da37eefd432b13e2ba2ee94e5bcc8587d8d251c8d00537fe583912681f5d43fc92f29dc23ac</hash>
        <hash alg="SHA3-384">f80ca2f1d7b49ca06c999f287249874979295312ad61fae7dba101a084825c2f7200b0a252c67e36b8f185cb5b70b490</hash>
        <hash alg="SHA3-256">28db760c602a501079b88e94eb4cea2e59895a688e6ea66e447b51adac113e0a</hash>
        <hash alg="SHA3-512">acc6d03c8674438bac5e2b09e1615b11d202c12aa720e9205d820543cc2762f9a3497bf9de9f8239844db23ccf0b52cbd3255aff422c03de490c60ce2c4787ee</hash>
      </hashes>
      <licenses>
        <license>
          <id>Apache-2.0</id>
        </license>
      </licenses>
      <purl>pkg:maven/com.fasterxml.jackson.core/jackson-annotations@2.16.1?type=jar</purl>
      <externalReferences>
        <reference type="website">
          <url>https://github.com/FasterXML/jackson</url>
        </reference>
        <reference type="distribution">
          <url>https://oss.sonatype.org/service/local/staging/deploy/maven2/</url>
        </reference>
        <reference type="issue-tracker">
          <url>https://github.com/FasterXML/jackson-annotations/issues</url>
        </reference>
        <reference type="vcs">
          <url>https://github.com/FasterXML/jackson-annotations</url>
        </reference>
      </externalReferences>
    </component>
    <component type="library" bom-ref="pkg:maven/com.fasterxml.jackson.dataformat/jackson-dataformat-xml@2.16.1?type=jar">
      <publisher>FasterXML</publisher>
      <group>com.fasterxml.jackson.dataformat</group>
      <name>jackson-dataformat-xml</name>
      <version>2.16.1</version>
      <description>Data format extension for Jackson to offer
alternative support for serializing POJOs as XML and deserializing XML as pojos.</description>
      <scope>optional</scope>
      <hashes>
        <hash alg="MD5">ab3c4a4dcd1928d05f206c5d0e9fe36f</hash>
        <hash alg="SHA-1">d952ad30d3f2d1220f39db175618414b56d14638</hash>
        <hash alg="SHA-256">b8e73fa171d1276832abbf20ebb4df597e377405f875ed39808cee9acca3d3ac</hash>
        <hash alg="SHA-512">018a6e2d0ba7a102331015ec2d471d4565a7eb6d9ce4f339e7cf9f8919c4eb556617b3fa4de703cb7cc438997c7d35b77d100844b14dc1f797292937455c073a</hash>
        <hash alg="SHA-384">c6866f8dbf98a9586382dfe2a83a3640183ec8b9e2469e658f89b7f6c8ac236612994493fdcdaf4ef3b3c7df5dfc5315</hash>
        <hash alg="SHA3-384">4a685f29dd132abc7fad2732f6e6c82378cb23b7a8ce24d2c8b02dfbec05014c27d03ab5c573d893602e9be855bf0685</hash>
        <hash alg="SHA3-256">26f157c5ea198ea4cd0ab454266b6e35577e29c3f8da79513f06d63a9e0e780d</hash>
        <hash alg="SHA3-512">48bd2550e2f66c55c320faa91c12fbc001ee395362706096a2d6afbdc9b5e5857e87365349196c5bce7b3ceb3c831d4c328ab058b54e0e597388e7af828fb6cd</hash>
      </hashes>
      <licenses>
        <license>
          <id>Apache-2.0</id>
        </license>
      </licenses>
      <purl>pkg:maven/com.fasterxml.jackson.dataformat/jackson-dataformat-xml@2.16.1?type=jar</purl>
      <externalReferences>
        <reference type="website">
          <url>https://github.com/FasterXML/jackson-dataformat-xml</url>
        </reference>
        <reference type="distribution">
          <url>https://oss.sonatype.org/service/local/staging/deploy/maven2/</url>
        </reference>
        <reference type="issue-tracker">
          <url>https://github.com/FasterXML/jackson-dataformat-xml/issues</url>
        </reference>
        <reference type="vcs">
          <url>http://github.com/FasterXML/jackson-dataformat-xml</url>
        </reference>
      </externalReferences>
    </component>
    <component type="library" bom-ref="pkg:maven/org.codehaus.woodstox/stax2-api@4.2.1?type=jar">
      <publisher>fasterxml.com</publisher>
      <group>org.codehaus.woodstox</group>
      <name>stax2-api</name>
      <version>4.2.1</version>
      <description>tax2 API is an extension to basic Stax 1.0 API that adds significant new functionality, such as full-featured bi-direction validation interface and high-performance Typed Access API.</description>
      <scope>optional</scope>
      <hashes>
        <hash alg="MD5">af8377bc7882332e22456616a9f164f6</hash>
        <hash alg="SHA-1">a3f7325c52240418c2ba257b103c3c550e140c83</hash>
        <hash alg="SHA-256">678567e48b51a42c65c699f266539ad3d676d4b1a5b0ad7d89ece8b9d5772579</hash>
        <hash alg="SHA-512">00efc5d4d17540fb180c5b20d456630a8b3262dff46676689ae916ba16f0fbd9b1a71c7badfb254faad6597f94fed1edb96f77c15f40178eaf4d8cd35cea5e8d</hash>
        <hash alg="SHA-384">97a6a9f0cc666776e4a4f08729c303d2a602ce5c25ee633cd6c54c72f12d11e9d43634ca6ca4ef7da5973a52030384da</hash>
        <hash alg="SHA3-384">683a1f110ab84333e7517dabe175b91d7ea2fbead2f9d02acf798c588a7508bc67580642afa8d57441bc56ce610d5b0f</hash>
        <hash alg="SHA3-256">5e8e54209fb6b580e928e703ef11645aff1a21dfd47cca2dc0e53d0befaef09c</hash>
        <hash alg="SHA3-512">d79338a481605c94e144c967cb7adbc6cfd06ee6a1182b5ebc8cd8ad3deedd707931e404aa197bc94d3b5a5d82a2e6dd6a2f6cc9dafc42ce3ad5061076b05199</hash>
      </hashes>
      <licenses>
        <license>
          <id>BSD-4-Clause</id>
        </license>
      </licenses>
      <purl>pkg:maven/org.codehaus.woodstox/stax2-api@4.2.1?type=jar</purl>
      <externalReferences>
        <reference type="website">
          <url>http://github.com/FasterXML/stax2-api</url>
        </reference>
        <reference type="distribution">
          <url>https://oss.sonatype.org/service/local/staging/deploy/maven2/</url>
        </reference>
        <reference type="issue-tracker">
          <url>https://github.com/FasterXML/stax2-api/issues</url>
        </reference>
        <reference type="vcs">
          <url>http://github.com/FasterXML/stax2-api</url>
        </reference>
      </externalReferences>
    </component>
    <component type="library" bom-ref="pkg:maven/com.fasterxml.woodstox/woodstox-core@6.5.1?type=jar">
      <publisher>FasterXML</publisher>
      <group>com.fasterxml.woodstox</group>
      <name>woodstox-core</name>
      <version>6.5.1</version>
      <description>Woodstox is a high-performance XML processor that implements Stax (JSR-173),
SAX2 and Stax2 APIs</description>
      <scope>optional</scope>
      <hashes>
        <hash alg="MD5">961dd4b2afedf95293dfdd8adfc8f211</hash>
        <hash alg="SHA-1">c6e52e84fe959e69a243c83ec7d24cd889444ddf</hash>
        <hash alg="SHA-256">c928d60665c6415fb1c39775cf95cfc44f7f4580cf5ab01b1c380ebffd76887f</hash>
        <hash alg="SHA-512">d9b3cf6aaac85d8c349e7a24ad30f7e23b7765f1b7ce2fdf301bf2240b9c7ee184bdd938e58be6df9ac90e97e3b8c7b34f8fa9da27d1ed8de78765a8345b18f2</hash>
        <hash alg="SHA-384">d51e67aae26449a2cdffa90a08b09cc805b85da3e758011a0945fc8b0ee8c18e98c6f94f0c0cf46b7a49e7370073068c</hash>
        <hash alg="SHA3-384">2e731b74e4814647b1a320cd2f1b9f9914db1cb07510e69fb4dda33c6b1586fb2ee9e3f5af027c98dd0d33e2ed4b19de</hash>
        <hash alg="SHA3-256">f84ca4c9bb77abb6e61930c7debee48497b2febc30d48329c6b15546dd00371b</hash>
        <hash alg="SHA3-512">257aea7a23c4631eaaa942763e639d239660f29cfb7190f0b112abf6301a214fcc8e84b118ba73d92861a5f441bee479908a4831352ce2278d3d40ef51067894</hash>
      </hashes>
      <licenses>
        <license>
          <id>Apache-2.0</id>
        </license>
      </licenses>
      <purl>pkg:maven/com.fasterxml.woodstox/woodstox-core@6.5.1?type=jar</purl>
      <externalReferences>
        <reference type="website">
          <url>https://github.com/FasterXML/woodstox</url>
        </reference>
        <reference type="distribution">
          <url>https://oss.sonatype.org/service/local/staging/deploy/maven2/</url>
        </reference>
        <reference type="issue-tracker">
          <url>https://github.com/FasterXML/woodstox/issues</url>
        </reference>
        <reference type="vcs">
          <url>https://github.com/FasterXML/woodstox</url>
        </reference>
      </externalReferences>
    </component>
    <component type="library" bom-ref="pkg:maven/com.fasterxml.jackson.dataformat/jackson-dataformat-yaml@2.16.1?type=jar">
      <publisher>FasterXML</publisher>
      <group>com.fasterxml.jackson.dataformat</group>
      <name>jackson-dataformat-yaml</name>
      <version>2.16.1</version>
      <description>Support for reading and writing YAML-encoded data via Jackson abstractions.</description>
      <scope>optional</scope>
      <hashes>
        <hash alg="MD5">f08a64b0e8a224690e774ea3d5dcd00f</hash>
        <hash alg="SHA-1">8e4f1923d73cd55f2b4c0d56ee4ed80419297354</hash>
        <hash alg="SHA-256">fd67e0fafe368ad3dfc1b545eb8fe084a5c64628fb71ef70bd94a4dab27aefff</hash>
        <hash alg="SHA-512">773490a5e0b0d8d197137813278469e3cade4255903769877b73c2af78fbbfba598dec0fc4e3044b3af40c6987c89447b18d08dcbd26f8a48c2a1bd13da364ea</hash>
        <hash alg="SHA-384">0408da5ee2f9928cfacb3899bff42b5103b0ab411c50fa301eb583e284b56735099082d9a8de6f0a8c42b2b66a7a0077</hash>
        <hash alg="SHA3-384">86840ac6add1889036bb3ee58fea7f81268649de698e87b6dc0bf980b44bc7a237b8aa118f2328d440ddac667d003c52</hash>
        <hash alg="SHA3-256">17767198ee246e0f0db107f60a18197c43f4c8e285e615c6ac67393cf4cb3403</hash>
        <hash alg="SHA3-512">a074fa6410d37d44d962b0421f7b34ceece643345c7bc1a357091e028f2391ce18e65e9892b949f332adb26640da05f8589d42ec84d52e5f7f149f5367cce330</hash>
      </hashes>
      <licenses>
        <license>
          <id>Apache-2.0</id>
        </license>
      </licenses>
      <purl>pkg:maven/com.fasterxml.jackson.dataformat/jackson-dataformat-yaml@2.16.1?type=jar</purl>
      <externalReferences>
        <reference type="website">
          <url>https://github.com/FasterXML/jackson-dataformats-text</url>
        </reference>
        <reference type="distribution">
          <url>https://oss.sonatype.org/service/local/staging/deploy/maven2/</url>
        </reference>
        <reference type="issue-tracker">
          <url>https://github.com/FasterXML/jackson-dataformats-text/issues</url>
        </reference>
        <reference type="vcs">
          <url>https://github.com/FasterXML/jackson-dataformats-text/jackson-dataformat-yaml</url>
        </reference>
      </externalReferences>
    </component>
    <component type="library" bom-ref="pkg:maven/org.yaml/snakeyaml@2.2?type=jar">
      <group>org.yaml</group>
      <name>snakeyaml</name>
      <version>2.2</version>
      <description>YAML 1.1 parser and emitter for Java</description>
      <scope>optional</scope>
      <hashes>
        <hash alg="MD5">d78aacf5f2de5b52f1a327470efd1ad7</hash>
        <hash alg="SHA-1">3af797a25458550a16bf89acc8e4ab2b7f2bfce0</hash>
        <hash alg="SHA-256">1467931448a0817696ae2805b7b8b20bfb082652bf9c4efaed528930dc49389b</hash>
        <hash alg="SHA-512">11547e75cc80bee26f532e2598bc6e4ffa802941496dc0d8ce017f1b15e01ebbb80e91ed17d1047916e32bf2fc58da532bc71a1dfe93afccc277a296d86634ba</hash>
        <hash alg="SHA-384">dae0cb1a7ab9ccc75413f46f18ae160e12e91dfef0c17a07ea547a365e9fb422c071aa01579f2a320f15ce6ee4c29038</hash>
        <hash alg="SHA3-384">654b418f330fa02f1111a20c27395ec5c7f463907ae44f60057c94da04f81e815cf1c3959f005026381ef79030049694</hash>
        <hash alg="SHA3-256">2c4deb8d79876b80b210ef72dc5de2b19607e50fbe3abf09a4324576ca0881fc</hash>
        <hash alg="SHA3-512">0d9be5610b2bcb6bb7562ee8bcc0d68f81d3771958ce9299c5e57e8ec952c96906d711587b7f72936328c72fb41687b4f908c4de3070b78cc1f3e257cf4b715e</hash>
      </hashes>
      <licenses>
        <license>
          <id>Apache-2.0</id>
        </license>
      </licenses>
      <purl>pkg:maven/org.yaml/snakeyaml@2.2?type=jar</purl>
      <externalReferences>
        <reference type="website">
          <url>https://bitbucket.org/snakeyaml/snakeyaml</url>
        </reference>
        <reference type="distribution">
          <url>https://oss.sonatype.org/service/local/staging/deploy/maven2/</url>
        </reference>
        <reference type="issue-tracker">
          <url>https://bitbucket.org/snakeyaml/snakeyaml/issues</url>
        </reference>
        <reference type="vcs">
          <url>https://bitbucket.org/snakeyaml/snakeyaml/src</url>
        </reference>
      </externalReferences>
    </component>
    <component type="library" bom-ref="pkg:maven/org.fusesource.jansi/jansi@2.4.1?type=jar">
      <publisher>FuseSource, Corp.</publisher>
      <group>org.fusesource.jansi</group>
      <name>jansi</name>
      <version>2.4.1</version>
      <description>Jansi is a java library for generating and interpreting ANSI escape sequences.</description>
      <scope>optional</scope>
      <hashes>
        <hash alg="MD5">10c1033cc584325f020e2f9d231c0764</hash>
        <hash alg="SHA-1">d5774f204d990c9f5da2809b88f928515577beb4</hash>
        <hash alg="SHA-256">2e5e775a9dc58ffa6bbd6aa6f099d62f8b62dcdeb4c3c3bbbe5cf2301bc2dcc1</hash>
        <hash alg="SHA-512">2ab88a9e9eb01b72ce65c06694549fe1d46e0a78c802c6bd72ed362c42f4428a85240df8d604ac7735869029693eedb299bfb2427e6f91eca14ced944a8fab60</hash>
        <hash alg="SHA-384">a77e8fefe7ad6e9cbd814e2649f5a6c9c2747784bdc5dacca89c87523e5a5886a3b9ce50415d3dc8577283392bb43756</hash>
        <hash alg="SHA3-384">625355aabd387d90dd476f4c085f775e809b714619b77595a503ba45208640205be52d64ce83de73d15f934645fa7b3f</hash>
        <hash alg="SHA3-256">97bfa2f0bac36697b9a26c2db12e79f6c8ad42a3add20e63c313243024fbce8f</hash>
        <hash alg="SHA3-512">8e87190b76c48fed8c3b993def6cc7bcc1a89d031d7571fc3a54ada6d8ba7850e1af9cef56f43ab36ebfdbeeeaf0c241550de07414c81449f6125062f105edd9</hash>
      </hashes>
      <licenses>
        <license>
          <id>Apache-2.0</id>
        </license>
      </licenses>
      <purl>pkg:maven/org.fusesource.jansi/jansi@2.4.1?type=jar</purl>
      <externalReferences>
        <reference type="website">
          <url>http://fusesource.github.io/jansi</url>
        </reference>
        <reference type="distribution">
          <url>https://oss.sonatype.org/service/local/staging/deploy/maven2</url>
        </reference>
        <reference type="issue-tracker">
          <url>https://github.com/fusesource/jansi/issues</url>
        </reference>
        <reference type="mailing-list">
          <url>http://groups.google.com/group/jansi</url>
        </reference>
        <reference type="vcs">
          <url>https://github.com/fusesource/jansi</url>
        </reference>
      </externalReferences>
    </component>
    <component type="library" bom-ref="pkg:maven/org.jctools/jctools-core@4.0.3?type=jar">
      <group>org.jctools</group>
      <name>jctools-core</name>
      <version>4.0.3</version>
      <description>Java Concurrency Tools Core Library</description>
      <scope>optional</scope>
      <hashes>
        <hash alg="MD5">074e2031b32bd50849df761896409343</hash>
        <hash alg="SHA-1">e992adb88be0c88a0f3f870ca515449a44d15540</hash>
        <hash alg="SHA-256">1c658f5107e3a8a2ba61260ca25b85f47b0c323fd14f0b25a8d7ebe0519e017a</hash>
        <hash alg="SHA-512">2ee908b213ee66fea347130111bcbc78dadbdf0fc7c6edeb6a3b92a36856d0c622283890526955c2de7de143f5a3e3adf0cc82474261db23eae475b312d34f19</hash>
        <hash alg="SHA-384">e502490296cd71c1bb6ec25bf3a3ddac67e258fd22dde058cef67ee57429b430b83ea318f61deb90148b7813d301a682</hash>
        <hash alg="SHA3-384">add02a521da283b7d4169d8f9f0731666adfa98891edf69a867703bdc9c1039b93a5d6c2fa18fb025d4cceb3d61f7e5b</hash>
        <hash alg="SHA3-256">6a908532440b089182ee1f02144c1628ba230b9c63f5a1ff6c979d92d0742a21</hash>
        <hash alg="SHA3-512">cdadde483d3f694c9556fc7e52cf693736202a1fae9bbcbb19853593d1aaa44bf8ff2546e059e6105a85f5258ed9f8270d5ce3270d2ba47291d777bc84a7087e</hash>
      </hashes>
      <licenses>
        <license>
          <id>Apache-2.0</id>
        </license>
      </licenses>
      <purl>pkg:maven/org.jctools/jctools-core@4.0.3?type=jar</purl>
      <externalReferences>
        <reference type="website">
          <url>https://github.com/JCTools</url>
        </reference>
        <reference type="distribution">
          <url>https://oss.sonatype.org/service/local/staging/deploy/maven2/</url>
        </reference>
        <reference type="vcs">
          <url>https://github.com/JCTools/JCTools</url>
        </reference>
      </externalReferences>
    </component>
    <component type="library" bom-ref="pkg:maven/org.zeromq/jeromq@0.6.0?type=jar">
      <group>org.zeromq</group>
      <name>jeromq</name>
      <version>0.6.0</version>
      <description>Pure Java implementation of libzmq</description>
      <scope>optional</scope>
      <hashes>
        <hash alg="MD5">b796de101e382c0f8dfd680e9b3e1221</hash>
        <hash alg="SHA-1">95a6e9e71ef50f5cb023fe01dad748c3174ad7eb</hash>
        <hash alg="SHA-256">4784ff6d6e91b8eecd917b73d07b161c19a808ef870a5bdb760515bb67e208d3</hash>
        <hash alg="SHA-512">86626e847ec71e1d9ff21d05242dcf6a6c3fdd17191c9c3ac38d40e52fc3d2f04d0112d1790c5c4a47a5fa62bb07f595d782fe640db71466f6a9692a8df55e44</hash>
        <hash alg="SHA-384">a3d328d9cc19871d583563dc69d477bfe851c1297a766a29ade475cca3a2aefdb832780caeb042ee83697340eac73938</hash>
        <hash alg="SHA3-384">03c5d521020e2c4383a4d7370da7b29193f05fcf6b9e7ca6050ad592a2688d6a9d8899fb03cabbba8831a3bfe3d0e71d</hash>
        <hash alg="SHA3-256">19c167bfa3748549f9069a012783f57fac692a4d79767456e3028377775887c0</hash>
        <hash alg="SHA3-512">433263ad2a6cb4cd8d6d24a4108454f00c7f99950f9f6a1c1dc362af8b4296626308ca6387d1ccee8d392716432b3ba656e9c172842b88b1b84bae042a121814</hash>
      </hashes>
      <licenses>
        <license>
          <name>Mozilla Public License version 2.0</name>
          <url>https://www.mozilla.org/en-US/MPL/2.0</url>
        </license>
      </licenses>
      <purl>pkg:maven/org.zeromq/jeromq@0.6.0?type=jar</purl>
      <externalReferences>
        <reference type="website">
          <url>https://github.com/zeromq/jeromq</url>
        </reference>
        <reference type="distribution">
          <url>https://oss.sonatype.org/service/local/staging/deploy/maven2/</url>
        </reference>
      </externalReferences>
    </component>
    <component type="library" bom-ref="pkg:maven/eu.neilalexander/jnacl@1.0.0?type=jar">
      <group>eu.neilalexander</group>
      <name>jnacl</name>
      <version>1.0.0</version>
      <description>Pure Java implementation of NaCl: Networking and Cryptography library.</description>
      <scope>optional</scope>
      <hashes>
        <hash alg="MD5">e0540b03dff87e495d7ee06c4102363a</hash>
        <hash alg="SHA-1">82e9034fb81a33cb9d7e0c4cd241a2ba84802ae2</hash>
        <hash alg="SHA-256">4accc9d2a56a6dd5198ec5e1c5c05a091da563bccd346fd6578edc083152beaa</hash>
        <hash alg="SHA-512">addba1eae1975a71a204557dafb111c5c2aab39d9a7bb6428a26107935d95290139381c0a283b77e67b44e1d8110d3fa3919d7e7fc73e0023771beece4eab994</hash>
        <hash alg="SHA-384">6740ac7db681794dd964a9669aef2afdb264e0d33f14b89c1a78ec8b6b1337e622de3093a2af561223335ebce7600ca3</hash>
        <hash alg="SHA3-384">af9d223a596507ba67f16308c5738d50897ea3fd7f1ddbd0ed6c3dfe7099e1c2288aae90b63c73ba6719c36fec946e88</hash>
        <hash alg="SHA3-256">a8ceb9991531f2a5ea0104a36bd70581beca8a328330f9151896298ad4d95423</hash>
        <hash alg="SHA3-512">cae2c60da18d3f7b54de742eaf0d6e2794787e1ddaffe265fa2654497113ccf1188e74aac3075f4ee0ac36fbef750b1a26380d3b5ce1b3c5e42f8c472768aec1</hash>
      </hashes>
      <licenses>
        <license>
          <id>BSD-2-Clause</id>
        </license>
      </licenses>
      <purl>pkg:maven/eu.neilalexander/jnacl@1.0.0?type=jar</purl>
      <externalReferences>
        <reference type="website">
          <url>https://github.com/neilalexander/jnacl</url>
        </reference>
        <reference type="distribution">
          <url>https://oss.sonatype.org/service/local/staging/deploy/maven2/</url>
        </reference>
      </externalReferences>
    </component>
    <component type="library" bom-ref="pkg:maven/org.apache.kafka/kafka-clients@3.7.0?type=jar">
      <group>org.apache.kafka</group>
      <name>kafka-clients</name>
      <version>3.7.0</version>
      <scope>optional</scope>
      <hashes>
        <hash alg="MD5">4da6d4ffacbaf709ec2b3bb021782936</hash>
        <hash alg="SHA-1">b8f9f75bc3edc06f842dd16071465544198bc045</hash>
        <hash alg="SHA-256">0a74867a6d393ee4869c41a4af87009b01c3a017c2b1c42e3d724c89ae0d2d3f</hash>
        <hash alg="SHA-512">da176edb1815cb7e2d45c7567d7b300781ba82aabae344b5253d161ed6d7b1ccc4591ba0c2871ce9b2b5bc7ceb7a1c726282e23d04f07563e2c27ef76b938ee1</hash>
        <hash alg="SHA-384">4cf5ff3a218301a995f5f41eef2f534fa26a63f749f17eb929c57e5a222721424714782b6806a736400f422b4b6ec14f</hash>
        <hash alg="SHA3-384">9cc8416eabfb0a06a0fc5d3aeb40fa341bea501519f44ccd0d15549e66efa27536dcc83ac17189d29a882668a4fc0715</hash>
        <hash alg="SHA3-256">5ad566904da339fca51c85b9780146b170d5af2c928d6099370ec7c21a0b621c</hash>
        <hash alg="SHA3-512">d396554796520c2d4df9c7eb3ec75ce717d8b9797c03db521ca3ebbee5379adf793ffe301125db7008cd54b146c905b5b5fee89744f79283899f8e36f85083ba</hash>
      </hashes>
      <licenses>
        <license>
          <id>Apache-2.0</id>
        </license>
      </licenses>
      <purl>pkg:maven/org.apache.kafka/kafka-clients@3.7.0?type=jar</purl>
      <externalReferences>
        <reference type="website">
          <url>https://kafka.apache.org</url>
        </reference>
      </externalReferences>
    </component>
    <component type="library" bom-ref="pkg:maven/com.github.luben/zstd-jni@1.5.5-11?type=jar">
      <publisher>com.github.luben</publisher>
      <group>com.github.luben</group>
      <name>zstd-jni</name>
      <version>1.5.5-11</version>
      <description>JNI bindings for Zstd native library that provides fast and high compression lossless algorithm for Java and all JVM languages.</description>
      <scope>optional</scope>
      <hashes>
        <hash alg="MD5">00977099d76d2c01a7b19263375ee42e</hash>
        <hash alg="SHA-1">ca6ab366315e179dd80645aad4a60bab959c6523</hash>
        <hash alg="SHA-256">d75b2ced6059f81ad23e021c554259b906b6c4f2991cb772409827569ead4c1a</hash>
        <hash alg="SHA-512">d9bb13345d3a41a9ddbd0d4fbd9a4ab936f8ff98acbcb37394cd0e75aa5e550888d51b93c76fea8629e2f2cf39de4b0fe94abf853b46db426e40674cde8d69d5</hash>
        <hash alg="SHA-384">c128f7dd3f6ec2f5a5566769bd60f6d3ed36583575bb2efdb9e53aee028b629d009ce4008efda5c38da778195ff42429</hash>
        <hash alg="SHA3-384">60e17c55ff7cbe9ec7411bd06ba10470396666dc78ed93943e1412512cb420413182c9071010b5e849d74415fe10ebf0</hash>
        <hash alg="SHA3-256">bba50765cfc050bd98cc6eac6d180751e920067a58c6a41050870e937ecce2d5</hash>
        <hash alg="SHA3-512">a892530c4e30fff48cfb3d94bc59128ac853d172e8012f66184780cbafad5d5381ca239e0f68f712d3b1e399c5155287f0f8b077eb7cb48bdd1548ba7c89a734</hash>
      </hashes>
      <licenses>
        <license>
          <id>BSD-2-Clause</id>
        </license>
      </licenses>
      <purl>pkg:maven/com.github.luben/zstd-jni@1.5.5-11?type=jar</purl>
      <externalReferences>
        <reference type="website">
          <url>https://github.com/luben/zstd-jni</url>
        </reference>
      </externalReferences>
    </component>
    <component type="library" bom-ref="pkg:maven/org.lz4/lz4-java@1.8.0?type=jar">
      <group>org.lz4</group>
      <name>lz4-java</name>
      <version>1.8.0</version>
      <description>Java ports and bindings of the LZ4 compression algorithm and the xxHash hashing algorithm</description>
      <scope>optional</scope>
      <hashes>
        <hash alg="MD5">936a927700aa8fc3b75d21d7571171f6</hash>
        <hash alg="SHA-1">4b986a99445e49ea5fbf5d149c4b63f6ed6c6780</hash>
        <hash alg="SHA-256">d74a3334fb35195009b338a951f918203d6bbca3d1d359033dc33edd1cadc9ef</hash>
        <hash alg="SHA-512">98d59086a6021ca571d9c1d64b715e43044c730e1ac563f514c40cf44302615d30378b6d5cc69990446522de6260dc8e7b303e3990a3139dc326d058dfb6dbd9</hash>
        <hash alg="SHA-384">8e3f2acdbb41a00c4d9cc5f328e63fb626ac7c6c84e1bf9502e2fcc76a591b2b819b2d27b29925ff986b95c297b30e2c</hash>
        <hash alg="SHA3-384">ec0d6a00760d0a4ecba13a41785d6ae57a64552b1687eaa3e292b3054bb1348e49ab8a938197ff126f9218c6cb96ee1c</hash>
        <hash alg="SHA3-256">7be684c102891105f66d378b61ea1297a392c1618b5aebf7e0b281f55217c206</hash>
        <hash alg="SHA3-512">0b2294570ea2bfbb50ced21dfa4bad956467ca447e9ab2dd602a3478371bcd0e9f13d2dff74d06827a28882409612cdde00bd91267be05bd3510c68268bf3166</hash>
      </hashes>
      <licenses>
        <license>
          <id>Apache-2.0</id>
        </license>
      </licenses>
      <purl>pkg:maven/org.lz4/lz4-java@1.8.0?type=jar</purl>
      <externalReferences>
        <reference type="website">
          <url>https://github.com/lz4/lz4-java</url>
        </reference>
        <reference type="vcs">
          <url>git://github.com/lz4/lz4-java.git</url>
        </reference>
      </externalReferences>
    </component>
    <component type="library" bom-ref="pkg:maven/org.xerial.snappy/snappy-java@1.1.10.5?type=jar">
      <publisher>xerial.org</publisher>
      <group>org.xerial.snappy</group>
      <name>snappy-java</name>
      <version>1.1.10.5</version>
      <description>snappy-java: A fast compression/decompression library</description>
      <scope>optional</scope>
      <hashes>
        <hash alg="MD5">a52ffcdbbe525b486237a7098e5c5ff7</hash>
        <hash alg="SHA-1">ac605269f3598506196e469f1fb0d7ed5c55059e</hash>
        <hash alg="SHA-256">0f3f1857ed33116583f480b4df5c0218836c47bfbc9c6221c0d73f356decf37b</hash>
        <hash alg="SHA-512">36c288aa84017b52362a49a20d1702151a16b9f58518b6877f11122941a549d94fab8d515f7f1ad6384fb94be569328abf862edaf970c10a16832498dfda853b</hash>
        <hash alg="SHA-384">693a542ca2471dec4da5fe582563aff1bf5238e1a8d1a1f79cd8138334f94f1112094fbd270b1637d983c9290084a6e1</hash>
        <hash alg="SHA3-384">41cbbb20b4bc0bd9a80521904568335fb131602a6931783f5bf6a1c8287b8ccd92c8169b8bb2399d27208fc067ef2321</hash>
        <hash alg="SHA3-256">38dc41c5a0d827c58e1409a63e902d0568a03d67cdb99708ccc63921000ddc55</hash>
        <hash alg="SHA3-512">b07d178cc94f6385d5f09d7730d2dd161c6f7d6815ae779e742421c0c1fb92043c8ec8ce5ee67660760f5287bd959eba1028924257a6ff36fb5439d8f81bd049</hash>
      </hashes>
      <licenses>
        <license>
          <id>Apache-2.0</id>
          <url>https://www.apache.org/licenses/LICENSE-2.0</url>
        </license>
      </licenses>
      <purl>pkg:maven/org.xerial.snappy/snappy-java@1.1.10.5?type=jar</purl>
      <externalReferences>
        <reference type="website">
          <url>https://github.com/xerial/snappy-java</url>
        </reference>
        <reference type="vcs">
          <url>https://github.com/xerial/snappy-java</url>
        </reference>
      </externalReferences>
    </component>
    <component type="library" bom-ref="pkg:maven/com.sun.mail/javax.mail@1.6.2?type=jar">
      <publisher>Oracle</publisher>
      <group>com.sun.mail</group>
      <name>javax.mail</name>
      <version>1.6.2</version>
      <description>JavaMail API</description>
      <scope>optional</scope>
      <hashes>
        <hash alg="MD5">0b81d022797740d72d21620781841374</hash>
        <hash alg="SHA-1">935151eb71beff17a2ffac15dd80184a99a0514f</hash>
        <hash alg="SHA-256">45b515e7104944c09e45b9c7bb1ce5dff640486374852dd2b2e80cc3752dfa11</hash>
        <hash alg="SHA-512">d76243093d93c556ae399ce9b65ea35bc5a7e12703110108cf8eaa314d8f9b094034dd530438189775f61f0994727cac6f68efb8eab2f13349922b08eb00d4ec</hash>
        <hash alg="SHA-384">44300db745c6a065b5ca907e04d06bc42e42d4bf59470b24d2c40f889cf8fc79f0793997321874b2c25bc269900f9c51</hash>
        <hash alg="SHA3-384">4884616293856fe9d2ed2c6bb838f32d645ccab65a05b949351e6d93d6ed9ea408c8666ef17e19bd033c25545bafb490</hash>
        <hash alg="SHA3-256">905d9b5869f8ee5ad4b1027293beb5af5051aa2b929f52500611beedd2d5c992</hash>
        <hash alg="SHA3-512">bec15cc6423179fb27e01c149e9c761a5cc98844e47f2182101d69f84736a85390da487eef7cc2dca94992c14d6ba7fe3d5833d2ad554731bec439ef11d547d8</hash>
      </hashes>
      <licenses>
        <expression>(CDDL-1.0 OR GPL-2.0-with-classpath-exception)</expression>
      </licenses>
      <purl>pkg:maven/com.sun.mail/javax.mail@1.6.2?type=jar</purl>
      <externalReferences>
        <reference type="website">
          <url>http://javaee.github.io/javamail/javax.mail</url>
        </reference>
        <reference type="distribution">
          <url>https://maven.java.net/service/local/staging/deploy/maven2/</url>
        </reference>
        <reference type="issue-tracker">
          <url>https://github.com/javaee/javamail/issues</url>
        </reference>
        <reference type="vcs">
          <url>https://github.com/javaee/javamail/javax.mail</url>
        </reference>
      </externalReferences>
    </component>
    <component type="library" bom-ref="pkg:maven/javax.activation/activation@1.1?type=jar">
      <group>javax.activation</group>
      <name>activation</name>
      <version>1.1</version>
      <description>JavaBeans Activation Framework (JAF) is a standard extension to the Java platform that lets you take advantage of standard services to: determine the type of an arbitrary piece of data; encapsulate access to it; discover the operations available on it; and instantiate the appropriate bean to perform the operation(s).</description>
      <scope>optional</scope>
      <hashes>
        <hash alg="MD5">8ae38e87cd4f86059c0294a8fe3e0b18</hash>
        <hash alg="SHA-1">e6cb541461c2834bdea3eb920f1884d1eb508b50</hash>
        <hash alg="SHA-256">2881c79c9d6ef01c58e62beea13e9d1ac8b8baa16f2fc198ad6e6776defdcdd3</hash>
        <hash alg="SHA-512">c0ff5bf3ace7acc1b31fcc109cee48d9eb8f025ae15a31dc91eca760933bdb97c93f05d61e95af1e317859d72e5f179f897f5bf3df0e3810f4212d43bacee4bd</hash>
        <hash alg="SHA-384">c4ee54d80a2e67e819700051d6cfa01a17631c89f942b8690afb601e491f02d7497fe57bd5c70edfb9b444ae8222b846</hash>
        <hash alg="SHA3-384">de0777d2d1d7aad105defb12aed17ef38abfe89db2449c5243fa3c69304ea24dd8df0881330351d0733313e8f7252814</hash>
        <hash alg="SHA3-256">5fb94d2742cc3d44abad42c5d61b9c7464a2ef33bc58b4b5b121d49799123460</hash>
        <hash alg="SHA3-512">c5e37fe3d9c420a9035f1160eb1d396e94f01851c01c6e2f19f19a221bfc484e63f9660c7377f58aa65246b95a9eb799ac4e6798c0b20f658edf00a4435e1efa</hash>
      </hashes>
      <licenses>
        <license>
          <id>CDDL-1.0</id>
        </license>
      </licenses>
      <purl>pkg:maven/javax.activation/activation@1.1?type=jar</purl>
      <externalReferences>
        <reference type="website">
          <url>http://java.sun.com/products/javabeans/jaf/index.jsp</url>
        </reference>
        <reference type="distribution">
          <url>https://maven-repository.dev.java.net/nonav/repository/javax.activation/jars/activation-1.1.jar</url>
        </reference>
      </externalReferences>
    </component>
    <component type="library" bom-ref="pkg:maven/org.slf4j/slf4j-api@2.0.9?type=jar">
      <publisher>QOS.ch</publisher>
      <group>org.slf4j</group>
      <name>slf4j-api</name>
      <version>2.0.9</version>
      <description>The slf4j API</description>
      <scope>optional</scope>
      <hashes>
        <hash alg="MD5">45630e54b0f0ac2b3c80462515ad8fda</hash>
        <hash alg="SHA-1">7cf2726fdcfbc8610f9a71fb3ed639871f315340</hash>
        <hash alg="SHA-256">0818930dc8d7debb403204611691da58e49d42c50b6ffcfdce02dadb7c3c2b6c</hash>
        <hash alg="SHA-512">069e6ddce79617e37d61758120c7e68348ee62f255781948937f7bec3058e46244026d7f6a11e90fbc15cd4288c4bb1acee4f242af521c721a9e68a05e64d526</hash>
        <hash alg="SHA-384">fd6f7ad85d02ac63cd1a586c8bb158c1fc000495f512f097731ea9f749b5da2637615b821294962805ba312c738f40aa</hash>
        <hash alg="SHA3-384">17cd61f59a162250b52a89c7c56eb60da253b776210500313c7b82744483ff84717946f969251fb4d76f9bb12a2458fe</hash>
        <hash alg="SHA3-256">9dcb04582c64c79e788f9191195834ec75bb3457133d22a176a0ccb069b97103</hash>
        <hash alg="SHA3-512">990faffa454598a3fa82affe30f1323db769d2e1fff20d9c7163ef6fd95ac7a0874c06a634207a2eaed9e5afbdee68b225138fc75018717ba97efe3ffe92c88a</hash>
      </hashes>
      <licenses>
        <license>
          <id>MIT</id>
          <url>https://opensource.org/licenses/MIT</url>
        </license>
      </licenses>
      <purl>pkg:maven/org.slf4j/slf4j-api@2.0.9?type=jar</purl>
      <externalReferences>
        <reference type="website">
          <url>http://www.slf4j.org</url>
        </reference>
        <reference type="distribution">
          <url>https://oss.sonatype.org/service/local/staging/deploy/maven2/</url>
        </reference>
        <reference type="vcs">
          <url>https://github.com/qos-ch/slf4j/slf4j-parent/slf4j-api</url>
        </reference>
      </externalReferences>
    </component>
    <component type="library" bom-ref="pkg:maven/biz.aQute.bnd/biz.aQute.bnd.annotation@7.0.0?type=jar">
      <publisher>Bndtools</publisher>
      <group>biz.aQute.bnd</group>
      <name>biz.aQute.bnd.annotation</name>
      <version>7.0.0</version>
      <description>bnd Annotations Library</description>
      <scope>required</scope>
      <hashes>
        <hash alg="MD5">0339bd011cf13131841417c0de7452f5</hash>
        <hash alg="SHA-1">8ad279ebf0d04ea89c5ce4d934189d0d16bb6d50</hash>
        <hash alg="SHA-256">a0090390963dd2092f8abb6d76092bab1696494d2e31b127f5b1b2bf29c08638</hash>
        <hash alg="SHA-512">6e96cffe60466e9bd5730c93686a6ae252958be6202ba07d235239f0033b9a1cc53faad327ddaebab9eab30825b881acc6296777851028c7fad5668cbbe99c81</hash>
        <hash alg="SHA-384">f51cd44911333bf7c2f58bdf7440062c138005c8332be3bf69b0ab0d9d93af4d1e1dde3a4eae5bfae92e835b70e6f561</hash>
        <hash alg="SHA3-384">7e93113ee29b6fbed02fbeac096582476b0b7c04703a54ecf0c3c89cab6fff06bc486d072c78f5a19e2c7da1c603b9d2</hash>
        <hash alg="SHA3-256">e0a35d4ec2afe652ef58a37a9f2491349527e86c7a1b37d13436fdfef77f32b2</hash>
        <hash alg="SHA3-512">62783affe413b5419c08008094a43e63712c65d6e4a0cd345e58e1a7c66dc32a08f2e68852d14641d30da31d665091c19571809145f769480cb0b80e0ad003e9</hash>
      </hashes>
      <licenses>
        <license>
          <name>(Apache-2.0 OR EPL-2.0)</name>
          <url>https://opensource.org/licenses/Apache-2.0,https://opensource.org/licenses/EPL-2.0</url>
        </license>
      </licenses>
      <purl>pkg:maven/biz.aQute.bnd/biz.aQute.bnd.annotation@7.0.0?type=jar</purl>
      <externalReferences>
        <reference type="website">
          <url>https://bnd.bndtools.org/</url>
        </reference>
        <reference type="vcs">
          <url>https://github.com/bndtools/bnd</url>
        </reference>
      </externalReferences>
    </component>
    <component type="library" bom-ref="pkg:maven/org.osgi/org.osgi.resource@1.0.0?type=jar">
      <publisher>OSGi Alliance</publisher>
      <group>org.osgi</group>
      <name>org.osgi.resource</name>
      <version>1.0.0</version>
      <description>OSGi Companion Code for org.osgi.resource Version 1.0.0.</description>
      <scope>required</scope>
      <hashes>
        <hash alg="MD5">7d857a4203e2996fab0cf070133e43df</hash>
        <hash alg="SHA-1">343c88949132984b3f2d4175a72c40b77dc65619</hash>
        <hash alg="SHA-256">81fc50f1f1d38a4af28e131907d4afe213249aab05060484edca0e60c4af9b4a</hash>
        <hash alg="SHA-512">4e798790856f83f50832db80bfab64dfceeff1c509d7dde43e74a9f9192ea7a7d5ea77b9b1e81291fa6ba3dcef5ab8fa791ca8093a72a08d7ca6f6499e13e506</hash>
        <hash alg="SHA-384">73038c395166552b64b6b5469bd8056584f48d19b5762df2e8bd2770405ed8f6071e397a87d9a7ed39f8c2e0e8ab85b2</hash>
        <hash alg="SHA3-384">e06c8a460b3bf06d6cb22237aeffa6afd2eadd9461096c67b768a14603ad8aaa88f891d03cf0a273a99d86906c1c8eb3</hash>
        <hash alg="SHA3-256">1097cfd20e80ce368fd828a23ad7c32a202cebd92106f6ebb88ba55ca74349ee</hash>
        <hash alg="SHA3-512">d7b710e1e0484badb875f326c602c90df6705df48b0f057320919a5255d3ecbddd7053eabc68787480a70aebd7e553e9f51728112e1fa0846c849366b7e8d69b</hash>
      </hashes>
      <licenses>
        <license>
          <id>Apache-2.0</id>
        </license>
      </licenses>
      <purl>pkg:maven/org.osgi/org.osgi.resource@1.0.0?type=jar</purl>
      <externalReferences>
        <reference type="website">
          <url>http://www.osgi.org/</url>
        </reference>
        <reference type="vcs">
          <url>https://osgi.org/git/build.git</url>
        </reference>
      </externalReferences>
    </component>
    <component type="library" bom-ref="pkg:maven/org.osgi/org.osgi.service.serviceloader@1.0.0?type=jar">
      <publisher>OSGi Alliance</publisher>
      <group>org.osgi</group>
      <name>org.osgi.service.serviceloader</name>
      <version>1.0.0</version>
      <description>OSGi Companion Code for org.osgi.service.serviceloader Version 1.0.0.</description>
      <scope>required</scope>
      <hashes>
        <hash alg="MD5">4943f0102a6d893c4dd77f369a5f0537</hash>
        <hash alg="SHA-1">3728ff37909c6a3c1870b3e851342d9f2bd3cc63</hash>
        <hash alg="SHA-256">8f876ce2a9aa4e95b1f1952950255103e2487425050a654f3285447ba601c154</hash>
        <hash alg="SHA-512">a7def4cb7a8ed992645faa80a780e0b30bd39c1587b5bcb65fe170d10842d0d880c2849edd50c64807fe0e4b9cc0051337d1b161d0d390465d9e63a762861c49</hash>
        <hash alg="SHA-384">1e480694b8a541da4cd1e044d3f3ea3cd55152515ac022b80d865b6654242506c2138daabb4e71c30d36b12b9aaf676d</hash>
        <hash alg="SHA3-384">7f076af200ae9c2bd9f235b949aee01a1a758c8aac10fee8b98ec2497197d2029117d5627eb0eabd9b42979eb1baa009</hash>
        <hash alg="SHA3-256">83b1dce69c4c899176eb6e368e434ecb77dfed7c436530b8c5d08b9b6f2430aa</hash>
        <hash alg="SHA3-512">5debde53a7ead231dcd907467d59728f59cae4eb3b967c19808f78890bd97d2f04657cad9c093e88f9818338b0b3b38a57c66400ebcff61fbb26d18e9f7bf8ed</hash>
      </hashes>
      <licenses>
        <license>
          <id>Apache-2.0</id>
        </license>
      </licenses>
      <purl>pkg:maven/org.osgi/org.osgi.service.serviceloader@1.0.0?type=jar</purl>
      <externalReferences>
        <reference type="website">
          <url>http://www.osgi.org/</url>
        </reference>
        <reference type="vcs">
          <url>https://osgi.org/git/build.git</url>
        </reference>
      </externalReferences>
    </component>
    <component type="library" bom-ref="pkg:maven/com.google.errorprone/error_prone_annotations@2.24.1?type=jar">
      <publisher>Google LLC</publisher>
      <group>com.google.errorprone</group>
      <name>error_prone_annotations</name>
      <version>2.24.1</version>
      <description>Error Prone is a static analysis tool for Java that catches common programming mistakes at compile-time.</description>
      <scope>required</scope>
      <hashes>
        <hash alg="MD5">345bbebec9b3c68d2638c0f6809436dc</hash>
        <hash alg="SHA-1">32b299e45105aa9b0df8279c74dc1edfcf313ff0</hash>
        <hash alg="SHA-256">19fe2f7155d20ea093168527999da98108103ee546d1e8b726bc4b27c31a3c30</hash>
        <hash alg="SHA-512">75a8d055b90fc2be2198d8502299b5e4f08a81d87b15334a788a719e155f006b23c3648a4574be831de932db212593a2b004584948c394adb8272ed7d5844c94</hash>
        <hash alg="SHA-384">b474fabb3ed301583358187787cb89161d4ea3a5e46d66aaf4317bfa74cba0063f53872c30fbc130af505537ac72f9c3</hash>
        <hash alg="SHA3-384">5d5456af3f5d809c6e1fbe13b6b65c71b442dcff66e087bf1be3958e582c7565135cf61f7b3bff55cee6d27a74365d01</hash>
        <hash alg="SHA3-256">39119e15f4769fdd5b018c1c9cae88c78e9454e05666731e8a703f47ed903693</hash>
        <hash alg="SHA3-512">d25c633ed33e217d71076ecf76040c13e3d8dfcc9eda1a2300a718a8699317de0b87680bfa5e499bf8c51f133408ab24c93e47393aa8c4300e92db0d683b48d6</hash>
      </hashes>
      <licenses>
        <license>
          <id>Apache-2.0</id>
        </license>
      </licenses>
      <purl>pkg:maven/com.google.errorprone/error_prone_annotations@2.24.1?type=jar</purl>
      <externalReferences>
        <reference type="website">
          <url>https://errorprone.info/error_prone_annotations</url>
        </reference>
        <reference type="vcs">
          <url>https://github.com/google/error-prone/error_prone_annotations</url>
        </reference>
      </externalReferences>
    </component>
    <component type="library" bom-ref="pkg:maven/org.osgi/osgi.annotation@8.1.0?type=jar">
      <publisher>Eclipse Foundation</publisher>
      <group>org.osgi</group>
      <name>osgi.annotation</name>
      <version>8.1.0</version>
      <description>OSGi Annotation Release 8, Annotations for use in compiling bundles</description>
      <scope>required</scope>
      <hashes>
        <hash alg="MD5">3bcfab9c55a2bcc158aa4953084021b6</hash>
        <hash alg="SHA-1">59d42736bcc0af2144ba5c1a12ff7c08ea4b7e12</hash>
        <hash alg="SHA-256">68afeb86a5322675d4dfe3df5863c7d8a37b34c18e3a8e41553f1ab3ac15d78f</hash>
        <hash alg="SHA-512">a190fa888fd22c2c31455d672b3e50ca79fa9f02269b9d45f6e6fc189dc8f90d20663e290f151a851e010b52ce87e62dc5079253c3e59caa72f11ea6248ffb26</hash>
        <hash alg="SHA-384">581c88a48fc7df5edae29712f943ef780fb0f32b4eee10dfcaa879f122f19fd1645b961b38bc0a97dd894d89952fdb68</hash>
        <hash alg="SHA3-384">ab4fab76440671def19eb0ca3370d8f0f8a915df4ec92e5aa2b9e12a4b97aa49301c51ccd28a2d2718beec6fe8105bc6</hash>
        <hash alg="SHA3-256">6849ce4a9cad5dbf2dce1ad817442821a633f8ae10ab1ccde69ac46d26127a46</hash>
        <hash alg="SHA3-512">3c3ce68b5ae1ea157f78d72a210cc152375fd8819a7c85ed5c718fbe387ffb522715e1b0dfa5094caed1e8bbe4b8fcc6d2aadd1cd3851f4c0fffebda5acaebba</hash>
      </hashes>
      <licenses>
        <license>
          <id>Apache-2.0</id>
          <url>https://www.apache.org/licenses/LICENSE-2.0</url>
        </license>
      </licenses>
      <purl>pkg:maven/org.osgi/osgi.annotation@8.1.0?type=jar</purl>
      <externalReferences>
        <reference type="website">
          <url>https://docs.osgi.org/</url>
        </reference>
        <reference type="vcs">
          <url>https://github.com/osgi/osgi</url>
        </reference>
      </externalReferences>
    </component>
    <component type="library" bom-ref="pkg:maven/org.osgi/org.osgi.annotation.bundle@2.0.0?type=jar">
      <publisher>Eclipse Foundation</publisher>
      <group>org.osgi</group>
      <name>org.osgi.annotation.bundle</name>
      <version>2.0.0</version>
      <description>OSGi Companion Code for org.osgi.annotation.bundle Version 2.0.0</description>
      <scope>required</scope>
      <hashes>
        <hash alg="MD5">19115314a0ce4cfb711a811dcc0be0a3</hash>
        <hash alg="SHA-1">f5c2cd6e670c3c5d440d3003efd5ef2ead5c68eb</hash>
        <hash alg="SHA-256">b9c9546ec5be3ebc2e85ba4919150ad76d64594805282fc895133a47d264a7ae</hash>
        <hash alg="SHA-512">f16b8983240ba3c08d6bc78e2eae92e89eb528f32a705961d90b463def0a5ed1ba08cc3d0be38b5dcfb946c6f759df772e122fb769e58e8c20aa79a489a1fd21</hash>
        <hash alg="SHA-384">88217b7d3a2d9a0a3f005162b95d68ba2bd29629688b2c32e93e4587d89fe6bd468f5c62ef422ebf2b609d402e62ff56</hash>
        <hash alg="SHA3-384">c7ee64dd3e235d900d01d8629b82245303d34a006e1edcd2571ef736d9c6256dcb718be326ad4909cb6d2cea26118ea9</hash>
        <hash alg="SHA3-256">9adcacb036caf30d17a13fcd5952a35e011678b1dbfabafdff73dba065ace8a3</hash>
        <hash alg="SHA3-512">76bec6bb2cdbc8da043760a7aedd51203c8d70b740c9b8de0ba6b0cf9ad991a58059566e7f62dee30606f32d267b2596d5bd5e885c73e336ae7fff6cf7f970db</hash>
      </hashes>
      <licenses>
        <license>
          <id>Apache-2.0</id>
          <url>https://www.apache.org/licenses/LICENSE-2.0</url>
        </license>
      </licenses>
      <purl>pkg:maven/org.osgi/org.osgi.annotation.bundle@2.0.0?type=jar</purl>
      <externalReferences>
        <reference type="website">
          <url>https://docs.osgi.org/</url>
        </reference>
        <reference type="vcs">
          <url>https://github.com/osgi/osgi</url>
        </reference>
      </externalReferences>
    </component>
    <component type="library" bom-ref="pkg:maven/org.osgi/org.osgi.annotation.versioning@1.1.2?type=jar">
      <publisher>Eclipse Foundation</publisher>
      <group>org.osgi</group>
      <name>org.osgi.annotation.versioning</name>
      <version>1.1.2</version>
      <description>OSGi Companion Code for org.osgi.annotation.versioning Version 1.1.2</description>
      <scope>required</scope>
      <hashes>
        <hash alg="MD5">a61b3b8d09c85ad296c61e21bf77ec70</hash>
        <hash alg="SHA-1">dc3cd4ec96c0b3c5459fe00694bd73a816ecf93e</hash>
        <hash alg="SHA-256">f51f235e80df8ffbc30ef1b557b6ea38a696632d675404ec117e952978b8b863</hash>
        <hash alg="SHA-512">a4c612bec624a168f25f0923d51925bbc914686673eeebd5b2442998b876f05855e2b0a6e6e9aca4a6533ed3156b0d24f94c3e508ee9778e1b2e469be318afa3</hash>
        <hash alg="SHA-384">68a2046f083a2e77304622a56d07c0e73ba88534af4a87b5428cebf8b638c40ce21bbac089a8b5520ad488c946b633ea</hash>
        <hash alg="SHA3-384">930734f6979650191d51cd8bf1f9ab4548d307950735aa98e2dbda7aecc19b49d01a3b968824f6df2ffafce65e122c60</hash>
        <hash alg="SHA3-256">513392d0e8ddd873d04c5cf4f402a9cfe094413832bb859fe37b70fd0512dd12</hash>
        <hash alg="SHA3-512">3d2bd7d2eb784a9fab4b09c42adb0722363079235340f1915bb82a99f1c5e616ee8f3dc34d2c90b941d2651dcb4f393c7fea3e23b579456a696604148d10f22b</hash>
      </hashes>
      <licenses>
        <license>
          <id>Apache-2.0</id>
          <url>https://www.apache.org/licenses/LICENSE-2.0</url>
        </license>
      </licenses>
      <purl>pkg:maven/org.osgi/org.osgi.annotation.versioning@1.1.2?type=jar</purl>
      <externalReferences>
        <reference type="website">
          <url>https://docs.osgi.org/</url>
        </reference>
        <reference type="vcs">
          <url>https://github.com/osgi/osgi</url>
        </reference>
      </externalReferences>
    </component>
    <component type="library" bom-ref="pkg:maven/com.github.spotbugs/spotbugs-annotations@4.8.3?type=jar">
      <group>com.github.spotbugs</group>
      <name>spotbugs-annotations</name>
      <version>4.8.3</version>
      <description>Annotations the SpotBugs tool supports</description>
      <scope>required</scope>
      <hashes>
        <hash alg="MD5">cd5917b77643c3a7ba5420aea78f940c</hash>
        <hash alg="SHA-1">05d2dc4ca5b632976371155252499819aea372ed</hash>
        <hash alg="SHA-256">e5d4f60be8e57595766ba7f1d4535dc46aebf98dae05e16372a4d4120d3ebb6b</hash>
        <hash alg="SHA-512">1a64f6911a94654d440ce4918395af0cbdee79696acbcf727af79134b02e6be17956fffa8f39e05fa9e22e336041443eb31165b338164b48a1c70f947e66d68b</hash>
        <hash alg="SHA-384">6875428ea8454185df4ac50b6551f9d9ba7d9152083eec2ecc5046aa464767982abfe0733c258f2dfed9fc3f2ad68add</hash>
        <hash alg="SHA3-384">25422667753a299021150558bf094a6bd5a521a0b736d94866f807f3246b11a0574e9e480f85c7a894258979afdaedd4</hash>
        <hash alg="SHA3-256">116a3c20fdd3253ab1cfc1bdc95c8d4eb3c454b3f7d89af1d2b87bde4b890c88</hash>
        <hash alg="SHA3-512">0e9ee42600abe9496fedc2d82cd71e51fd05f26c0094c1710025d3931b79507a3502a9f9e83fddefeb6ed784123c7faa7251bd58368e78cdcc218481cd05045d</hash>
      </hashes>
      <licenses>
        <license>
          <id>LGPL-2.1-only</id>
        </license>
      </licenses>
      <purl>pkg:maven/com.github.spotbugs/spotbugs-annotations@4.8.3?type=jar</purl>
      <externalReferences>
        <reference type="website">
          <url>https://spotbugs.github.io/</url>
        </reference>
        <reference type="vcs">
          <url>https://github.com/spotbugs/spotbugs/</url>
        </reference>
      </externalReferences>
    </component>
    <component type="library" bom-ref="pkg:maven/com.google.code.findbugs/jsr305@3.0.2?type=jar">
      <group>com.google.code.findbugs</group>
      <name>jsr305</name>
      <version>3.0.2</version>
      <description>JSR305 Annotations for Findbugs</description>
      <scope>required</scope>
      <hashes>
        <hash alg="MD5">dd83accb899363c32b07d7a1b2e4ce40</hash>
        <hash alg="SHA-1">25ea2e8b0c338a877313bd4672d3fe056ea78f0d</hash>
        <hash alg="SHA-256">766ad2a0783f2687962c8ad74ceecc38a28b9f72a2d085ee438b7813e928d0c7</hash>
        <hash alg="SHA-512">bb09db62919a50fa5b55906013be6ca4fc7acb2e87455fac5eaf9ede2e41ce8bbafc0e5a385a561264ea4cd71bbbd3ef5a45e02d63277a201d06a0ae1636f804</hash>
        <hash alg="SHA-384">ca0b169d3eb2d0922dc031133a021f861a043bb3e405a88728215fd6ff00fa52fdc7347842dcc2031472e3726164bdc4</hash>
        <hash alg="SHA3-384">9903fd7505218999f8262efedb3d935d64bcef84aae781064ab5e1b24755466b269517cada562fa140cd1d417ede57a1</hash>
        <hash alg="SHA3-256">223fda9a89a461afaae73b177a2dc20ed4a90f2f8757f5c65f3241b0510f00ff</hash>
        <hash alg="SHA3-512">3996b5af57a5d5c6a0cd62b11773360fb051dd86a2ba968476806a2a5d32049b82d69a24a3c694e8fe4d735be6a28e41000cc500cc2a9fb577e058045855d2d6</hash>
      </hashes>
      <licenses>
        <license>
          <id>Apache-2.0</id>
        </license>
      </licenses>
      <purl>pkg:maven/com.google.code.findbugs/jsr305@3.0.2?type=jar</purl>
      <externalReferences>
        <reference type="website">
          <url>http://findbugs.sourceforge.net/</url>
        </reference>
        <reference type="distribution">
          <url>https://oss.sonatype.org/service/local/staging/deploy/maven2/</url>
        </reference>
        <reference type="vcs">
          <url>https://code.google.com/p/jsr-305/</url>
        </reference>
      </externalReferences>
    </component>
  </components>
  <dependencies>
    <dependency ref="pkg:maven/org.apache.logging.log4j/log4j-core@2.23.1?type=jar">
      <dependency ref="pkg:maven/javax.activation/javax.activation-api@1.2.0?type=jar"/>
      <dependency ref="pkg:maven/javax.jms/javax.jms-api@2.0.1?type=jar"/>
      <dependency ref="pkg:maven/javax.mail/javax.mail-api@1.6.2?type=jar"/>
      <dependency ref="pkg:maven/org.osgi/org.osgi.core@6.0.0?type=jar"/>
      <dependency ref="pkg:maven/org.apache.logging.log4j/log4j-api@2.23.1?type=jar"/>
      <dependency ref="pkg:maven/org.apache.commons/commons-compress@1.26.0?type=jar"/>
      <dependency ref="pkg:maven/org.apache.commons/commons-csv@1.10.0?type=jar"/>
      <dependency ref="pkg:maven/com.conversantmedia/disruptor@1.2.15?type=jar"/>
      <dependency ref="pkg:maven/com.lmax/disruptor@3.4.4?type=jar"/>
      <dependency ref="pkg:maven/com.fasterxml.jackson.core/jackson-core@2.16.1?type=jar"/>
      <dependency ref="pkg:maven/com.fasterxml.jackson.core/jackson-databind@2.16.1?type=jar"/>
      <dependency ref="pkg:maven/com.fasterxml.jackson.dataformat/jackson-dataformat-xml@2.16.1?type=jar"/>
      <dependency ref="pkg:maven/com.fasterxml.jackson.dataformat/jackson-dataformat-yaml@2.16.1?type=jar"/>
      <dependency ref="pkg:maven/org.fusesource.jansi/jansi@2.4.1?type=jar"/>
      <dependency ref="pkg:maven/org.jctools/jctools-core@4.0.3?type=jar"/>
      <dependency ref="pkg:maven/org.zeromq/jeromq@0.6.0?type=jar"/>
      <dependency ref="pkg:maven/org.apache.kafka/kafka-clients@3.7.0?type=jar"/>
      <dependency ref="pkg:maven/com.sun.mail/javax.mail@1.6.2?type=jar"/>
      <dependency ref="pkg:maven/org.slf4j/slf4j-api@2.0.9?type=jar"/>
      <dependency ref="pkg:maven/biz.aQute.bnd/biz.aQute.bnd.annotation@7.0.0?type=jar"/>
      <dependency ref="pkg:maven/com.google.errorprone/error_prone_annotations@2.24.1?type=jar"/>
      <dependency ref="pkg:maven/org.osgi/osgi.annotation@8.1.0?type=jar"/>
      <dependency ref="pkg:maven/org.osgi/org.osgi.annotation.bundle@2.0.0?type=jar"/>
      <dependency ref="pkg:maven/com.github.spotbugs/spotbugs-annotations@4.8.3?type=jar"/>
    </dependency>
    <dependency ref="pkg:maven/javax.activation/javax.activation-api@1.2.0?type=jar"/>
    <dependency ref="pkg:maven/javax.jms/javax.jms-api@2.0.1?type=jar"/>
    <dependency ref="pkg:maven/javax.mail/javax.mail-api@1.6.2?type=jar"/>
    <dependency ref="pkg:maven/org.osgi/org.osgi.core@6.0.0?type=jar"/>
    <dependency ref="pkg:maven/org.apache.logging.log4j/log4j-api@2.23.1?type=jar"/>
    <dependency ref="pkg:maven/org.apache.commons/commons-compress@1.26.0?type=jar">
      <dependency ref="pkg:maven/commons-io/commons-io@2.15.1?type=jar"/>
      <dependency ref="pkg:maven/org.apache.commons/commons-lang3@3.14.0?type=jar"/>
    </dependency>
    <dependency ref="pkg:maven/commons-io/commons-io@2.15.1?type=jar"/>
    <dependency ref="pkg:maven/org.apache.commons/commons-lang3@3.14.0?type=jar"/>
    <dependency ref="pkg:maven/org.apache.commons/commons-csv@1.10.0?type=jar"/>
    <dependency ref="pkg:maven/com.conversantmedia/disruptor@1.2.15?type=jar">
      <dependency ref="pkg:maven/org.slf4j/slf4j-api@2.0.9?type=jar"/>
    </dependency>
    <dependency ref="pkg:maven/org.slf4j/slf4j-api@2.0.9?type=jar"/>
    <dependency ref="pkg:maven/com.lmax/disruptor@3.4.4?type=jar"/>
    <dependency ref="pkg:maven/com.fasterxml.jackson.core/jackson-core@2.16.1?type=jar"/>
    <dependency ref="pkg:maven/com.fasterxml.jackson.core/jackson-databind@2.16.1?type=jar">
      <dependency ref="pkg:maven/com.fasterxml.jackson.core/jackson-annotations@2.16.1?type=jar"/>
      <dependency ref="pkg:maven/com.fasterxml.jackson.core/jackson-core@2.16.1?type=jar"/>
    </dependency>
    <dependency ref="pkg:maven/com.fasterxml.jackson.core/jackson-annotations@2.16.1?type=jar"/>
    <dependency ref="pkg:maven/com.fasterxml.jackson.dataformat/jackson-dataformat-xml@2.16.1?type=jar">
      <dependency ref="pkg:maven/com.fasterxml.jackson.core/jackson-core@2.16.1?type=jar"/>
      <dependency ref="pkg:maven/com.fasterxml.jackson.core/jackson-annotations@2.16.1?type=jar"/>
      <dependency ref="pkg:maven/com.fasterxml.jackson.core/jackson-databind@2.16.1?type=jar"/>
      <dependency ref="pkg:maven/org.codehaus.woodstox/stax2-api@4.2.1?type=jar"/>
      <dependency ref="pkg:maven/com.fasterxml.woodstox/woodstox-core@6.5.1?type=jar"/>
    </dependency>
    <dependency ref="pkg:maven/org.codehaus.woodstox/stax2-api@4.2.1?type=jar"/>
    <dependency ref="pkg:maven/com.fasterxml.woodstox/woodstox-core@6.5.1?type=jar">
      <dependency ref="pkg:maven/org.codehaus.woodstox/stax2-api@4.2.1?type=jar"/>
    </dependency>
    <dependency ref="pkg:maven/com.fasterxml.jackson.dataformat/jackson-dataformat-yaml@2.16.1?type=jar">
      <dependency ref="pkg:maven/com.fasterxml.jackson.core/jackson-databind@2.16.1?type=jar"/>
      <dependency ref="pkg:maven/org.yaml/snakeyaml@2.2?type=jar"/>
      <dependency ref="pkg:maven/com.fasterxml.jackson.core/jackson-core@2.16.1?type=jar"/>
    </dependency>
    <dependency ref="pkg:maven/org.yaml/snakeyaml@2.2?type=jar"/>
    <dependency ref="pkg:maven/org.fusesource.jansi/jansi@2.4.1?type=jar"/>
    <dependency ref="pkg:maven/org.jctools/jctools-core@4.0.3?type=jar"/>
    <dependency ref="pkg:maven/org.zeromq/jeromq@0.6.0?type=jar">
      <dependency ref="pkg:maven/eu.neilalexander/jnacl@1.0.0?type=jar"/>
    </dependency>
    <dependency ref="pkg:maven/eu.neilalexander/jnacl@1.0.0?type=jar"/>
    <dependency ref="pkg:maven/org.apache.kafka/kafka-clients@3.7.0?type=jar">
      <dependency ref="pkg:maven/com.github.luben/zstd-jni@1.5.5-11?type=jar"/>
      <dependency ref="pkg:maven/org.lz4/lz4-java@1.8.0?type=jar"/>
      <dependency ref="pkg:maven/org.xerial.snappy/snappy-java@1.1.10.5?type=jar"/>
      <dependency ref="pkg:maven/org.slf4j/slf4j-api@2.0.9?type=jar"/>
    </dependency>
    <dependency ref="pkg:maven/com.github.luben/zstd-jni@1.5.5-11?type=jar"/>
    <dependency ref="pkg:maven/org.lz4/lz4-java@1.8.0?type=jar"/>
    <dependency ref="pkg:maven/org.xerial.snappy/snappy-java@1.1.10.5?type=jar"/>
    <dependency ref="pkg:maven/com.sun.mail/javax.mail@1.6.2?type=jar">
      <dependency ref="pkg:maven/javax.activation/activation@1.1?type=jar"/>
    </dependency>
    <dependency ref="pkg:maven/javax.activation/activation@1.1?type=jar"/>
    <dependency ref="pkg:maven/biz.aQute.bnd/biz.aQute.bnd.annotation@7.0.0?type=jar">
      <dependency ref="pkg:maven/org.osgi/org.osgi.resource@1.0.0?type=jar"/>
      <dependency ref="pkg:maven/org.osgi/org.osgi.service.serviceloader@1.0.0?type=jar"/>
    </dependency>
    <dependency ref="pkg:maven/org.osgi/org.osgi.resource@1.0.0?type=jar"/>
    <dependency ref="pkg:maven/org.osgi/org.osgi.service.serviceloader@1.0.0?type=jar"/>
    <dependency ref="pkg:maven/com.google.errorprone/error_prone_annotations@2.24.1?type=jar"/>
    <dependency ref="pkg:maven/org.osgi/osgi.annotation@8.1.0?type=jar"/>
    <dependency ref="pkg:maven/org.osgi/org.osgi.annotation.bundle@2.0.0?type=jar">
      <dependency ref="pkg:maven/org.osgi/org.osgi.annotation.versioning@1.1.2?type=jar"/>
    </dependency>
    <dependency ref="pkg:maven/org.osgi/org.osgi.annotation.versioning@1.1.2?type=jar"/>
    <dependency ref="pkg:maven/com.github.spotbugs/spotbugs-annotations@4.8.3?type=jar">
      <dependency ref="pkg:maven/com.google.code.findbugs/jsr305@3.0.2?type=jar"/>
    </dependency>
    <dependency ref="pkg:maven/com.google.code.findbugs/jsr305@3.0.2?type=jar"/>
  </dependencies>
</bom>
